,Match,Name,Overs,Maiden,Runs,Wickets,ECON,0s,4s,6s,Wide,NB,MatchId
0,IND vs SA,Bhuvneshwar Kumar,10.0,0,44,2,4.4,33,3,0,2,0,ODI no. 4150
1,IND vs SA,Jasprit Bumrah,10.0,1,35,2,3.5,41,4,0,0,0,ODI no. 4150
2,IND vs SA,Hardik Pandya,6.0,0,31,0,5.16,16,2,0,0,0,ODI no. 4150
3,IND vs SA,Kuldeep Yadav,10.0,0,46,1,4.6,28,2,1,1,0,ODI no. 4150
4,IND vs SA,Yuzvendra Chahal,10.0,0,51,4,5.1,32,1,2,3,0,ODI no. 4150
5,IND vs SA,Kedar Jadhav,4.0,0,16,0,4.0,13,1,0,0,0,ODI no. 4150
6,AUS vs IND,Bhuvneshwar Kumar,10.0,0,50,3,5.0,31,5,0,1,0,ODI no. 4155
7,AUS vs IND,Jasprit Bumrah,10.0,1,61,3,6.1,34,9,0,1,0,ODI no. 4155
8,AUS vs IND,Hardik Pandya,10.0,0,68,0,6.8,24,6,1,2,1,ODI no. 4155
9,AUS vs IND,Kuldeep Yadav,9.0,0,55,0,6.11,19,4,1,0,0,ODI no. 4155
10,AUS vs IND,Yuzvendra Chahal,10.0,0,62,2,6.2,21,3,1,1,0,ODI no. 4155
11,AUS vs IND,Kedar Jadhav,1.0,0,14,0,14.0,2,1,1,2,0,ODI no. 4155
12,IND vs PAK,Bhuvneshwar Kumar,2.4,0,8,0,3.0,12,1,0,1,0,ODI no. 4161
13,IND vs PAK,Jasprit Bumrah,8.0,0,52,0,6.5,24,8,0,0,1,ODI no. 4161
14,IND vs PAK,Vijay Shankar,5.2,0,22,2,4.12,19,2,0,2,0,ODI no. 4161
15,IND vs PAK,Hardik Pandya,8.0,0,44,2,5.5,21,5,0,1,0,ODI no. 4161
16,IND vs PAK,Kuldeep Yadav,9.0,1,32,2,3.55,28,1,0,0,0,ODI no. 4161
17,IND vs PAK,Yuzvendra Chahal,7.0,0,53,0,7.57,13,1,3,2,0,ODI no. 4161
18,AFG vs IND,Mohammed Shami,9.5,1,40,4,4.06,38,4,0,3,0,ODI no. 4169
19,AFG vs IND,Jasprit Bumrah,10.0,1,39,2,3.9,37,1,1,0,0,ODI no. 4169
20,AFG vs IND,Yuzvendra Chahal,10.0,0,36,2,3.6,41,5,0,0,0,ODI no. 4169
21,AFG vs IND,Hardik Pandya,10.0,1,51,2,5.1,32,3,0,2,0,ODI no. 4169
22,AFG vs IND,Kuldeep Yadav,10.0,0,39,0,3.9,30,2,0,0,0,ODI no. 4169
23,IND vs WI,Mohammed Shami,6.2,0,16,4,2.52,29,2,0,1,0,ODI no. 4175
24,IND vs WI,Jasprit Bumrah,6.0,1,9,2,1.5,28,0,0,0,0,ODI no. 4175
25,IND vs WI,Hardik Pandya,5.0,0,28,1,5.6,13,3,0,0,1,ODI no. 4175
26,IND vs WI,Kuldeep Yadav,9.0,1,35,1,3.88,28,1,0,2,0,ODI no. 4175
27,IND vs WI,Kedar Jadhav,1.0,0,4,0,4.0,5,1,0,0,0,ODI no. 4175
28,IND vs WI,Yuzvendra Chahal,7.0,0,39,2,5.57,24,5,1,0,0,ODI no. 4175
29,ENG vs IND,Mohammed Shami,10.0,1,69,5,6.9,37,8,3,1,0,ODI no. 4179
30,ENG vs IND,Jasprit Bumrah,10.0,1,44,1,4.4,30,3,0,0,0,ODI no. 4179
31,ENG vs IND,Yuzvendra Chahal,10.0,0,88,0,8.8,28,7,6,2,0,ODI no. 4179
32,ENG vs IND,Hardik Pandya,10.0,0,60,0,6.0,22,4,1,1,0,ODI no. 4179
33,ENG vs IND,Kuldeep Yadav,10.0,0,72,1,7.2,25,5,3,0,0,ODI no. 4179
34,BAN vs IND,Bhuvneshwar Kumar,9.0,0,51,1,5.66,26,2,1,3,0,ODI no. 4182
35,BAN vs IND,Jasprit Bumrah,10.0,1,55,4,5.5,33,7,0,2,0,ODI no. 4182
36,BAN vs IND,Mohammed Shami,9.0,0,68,1,7.55,22,11,0,1,0,ODI no. 4182
37,BAN vs IND,Yuzvendra Chahal,10.0,0,50,1,5.0,31,6,0,2,0,ODI no. 4182
38,BAN vs IND,Hardik Pandya,10.0,0,60,3,6.0,26,5,1,2,0,ODI no. 4182
39,IND vs SL,Bhuvneshwar Kumar,10.0,0,73,1,7.3,26,10,0,3,0,ODI no. 4187
40,IND vs SL,Jasprit Bumrah,10.0,2,37,3,3.7,36,3,0,2,0,ODI no. 4187
41,IND vs SL,Hardik Pandya,10.0,0,50,1,5.0,25,4,0,1,1,ODI no. 4187
42,IND vs SL,Ravindra Jadeja,10.0,0,40,1,4.0,37,1,2,0,0,ODI no. 4187
43,IND vs SL,Kuldeep Yadav,10.0,0,58,1,5.8,26,6,0,1,0,ODI no. 4187
44,IND vs NZ ,Bhuvneshwar Kumar,10.0,1,43,3,4.3,32,2,0,0,0,ODI no. 4190
45,IND vs NZ ,Jasprit Bumrah,10.0,1,39,1,3.9,31,1,0,0,0,ODI no. 4190
46,IND vs NZ ,Hardik Pandya,10.0,0,55,1,5.5,29,5,0,5,0,ODI no. 4190
47,IND vs NZ ,Ravindra Jadeja,10.0,0,34,1,3.4,38,2,0,0,0,ODI no. 4190
48,IND vs NZ ,Yuzvendra Chahal,10.0,0,63,1,6.3,28,5,1,4,0,ODI no. 4190
49,WI vs IND,Bhuvneshwar Kumar,4.0,1,11,0,2.75,20,0,1,2,0,ODI no. 4196
50,WI vs IND,Mohammed Shami,3.0,0,5,0,1.66,13,0,0,0,0,ODI no. 4196
51,WI vs IND,Khaleel Ahmed,3.0,0,27,0,9.0,8,2,2,0,0,ODI no. 4196
52,WI vs IND,Kuldeep Yadav,2.0,0,3,1,1.5,9,0,0,0,0,ODI no. 4196
53,WI vs IND,Ravindra Jadeja,1.0,0,6,0,6.0,2,0,0,0,0,ODI no. 4196
54,WI vs IND,Bhuvneshwar Kumar,8.0,0,31,4,3.87,34,2,1,1,0,ODI no. 4197
55,WI vs IND,Mohammed Shami,8.0,0,39,2,4.87,32,5,0,2,0,ODI no. 4197
56,WI vs IND,Khaleel Ahmed,7.0,0,32,1,4.57,23,2,1,2,0,ODI no. 4197
57,WI vs IND,Kuldeep Yadav,10.0,0,59,2,5.9,20,4,1,1,0,ODI no. 4197
58,WI vs IND,Kedar Jadhav,5.0,0,25,0,5.0,16,3,0,1,0,ODI no. 4197
59,WI vs IND,Ravindra Jadeja,4.0,0,15,1,3.75,13,1,0,0,1,ODI no. 4197
60,WI vs IND,Bhuvneshwar Kumar,5.0,1,48,0,9.6,15,5,3,3,0,ODI no. 4199
61,WI vs IND,Mohammed Shami,7.0,1,50,2,7.14,20,4,2,1,1,ODI no. 4199
62,WI vs IND,Khaleel Ahmed,7.0,0,68,3,9.71,19,7,4,0,0,ODI no. 4199
63,WI vs IND,Yuzvendra Chahal,7.0,0,32,1,4.57,21,1,1,1,0,ODI no. 4199
64,WI vs IND,Kedar Jadhav,4.0,0,13,0,3.25,14,1,0,0,0,ODI no. 4199
65,WI vs IND,Ravindra Jadeja,5.0,0,26,1,5.2,15,0,2,1,0,ODI no. 4199
66,IND vs WI,Deepak Chahar,10.0,1,48,1,4.8,32,4,1,0,0,ODI no. 4221
67,IND vs WI,Mohammed Shami,9.0,1,57,1,6.33,27,8,1,0,0,ODI no. 4221
68,IND vs WI,Kuldeep Yadav,10.0,0,45,0,4.5,31,0,1,3,0,ODI no. 4221
69,IND vs WI,Shivam Dube,7.5,0,68,0,8.68,13,9,1,0,0,ODI no. 4221
70,IND vs WI,Kedar Jadhav,1.0,0,11,0,11.0,1,2,0,0,0,ODI no. 4221
71,IND vs WI,Ravindra Jadeja,10.0,0,58,0,5.8,30,1,4,0,1,ODI no. 4221
72,IND vs WI,Deepak Chahar,7.0,1,44,0,6.28,23,6,1,2,0,ODI no. 4222
73,IND vs WI,Shardul Thakur,8.0,0,55,1,6.87,24,7,1,2,0,ODI no. 4222
74,IND vs WI,Mohammed Shami,7.3,0,39,3,5.2,27,5,1,1,0,ODI no. 4222
75,IND vs WI,Ravindra Jadeja,10.0,0,74,2,7.4,25,4,5,1,0,ODI no. 4222
76,IND vs WI,Kuldeep Yadav,10.0,0,52,3,5.2,34,2,4,0,0,ODI no. 4222
77,IND vs WI,Shreyas Iyer,1.0,0,13,0,13.0,3,1,1,2,0,ODI no. 4222
78,IND vs WI,Shardul Thakur,10.0,0,66,1,6.6,29,5,3,2,0,ODI no. 4223
79,IND vs WI,Mohammed Shami,10.0,2,66,1,6.6,27,5,3,0,0,ODI no. 4223
80,IND vs WI,Navdeep Saini,10.0,0,58,2,5.8,33,8,1,1,0,ODI no. 4223
81,IND vs WI,Kuldeep Yadav,10.0,0,67,0,6.7,27,3,5,0,0,ODI no. 4223
82,IND vs WI,Ravindra Jadeja,10.0,0,54,1,5.4,28,6,0,0,0,ODI no. 4223
83,IND vs AUS,Mohammed Shami,7.4,0,58,0,7.56,23,10,0,1,0,ODI no. 4231
84,IND vs AUS,Jasprit Bumrah,7.0,0,50,0,7.14,24,9,0,1,0,ODI no. 4231
85,IND vs AUS,Shardul Thakur,5.0,0,43,0,8.6,13,5,1,4,0,ODI no. 4231
86,IND vs AUS,Kuldeep Yadav,10.0,0,55,0,5.5,31,2,3,2,0,ODI no. 4231
87,IND vs AUS,Ravindra Jadeja,8.0,0,41,0,5.12,27,4,1,1,0,ODI no. 4231
88,IND vs AUS,Jasprit Bumrah,9.1,2,32,1,3.49,37,3,0,1,0,ODI no. 4232
89,IND vs AUS,Mohammed Shami,10.0,0,77,3,7.7,24,8,1,4,0,ODI no. 4232
90,IND vs AUS,Navdeep Saini,10.0,0,62,2,6.2,24,8,0,0,0,ODI no. 4232
91,IND vs AUS,Ravindra Jadeja,10.0,0,58,2,5.8,22,4,1,1,0,ODI no. 4232
92,IND vs AUS,Kuldeep Yadav,10.0,0,65,2,6.5,19,3,1,0,0,ODI no. 4232
93,IND vs AUS,Jasprit Bumrah,10.0,0,38,0,3.8,39,3,0,4,0,ODI no. 4233
94,IND vs AUS,Mohammed Shami,10.0,0,63,4,6.3,28,6,1,4,0,ODI no. 4233
95,IND vs AUS,Navdeep Saini,10.0,0,65,1,6.5,30,9,1,0,0,ODI no. 4233
96,IND vs AUS,Kuldeep Yadav,10.0,0,62,1,6.2,18,5,0,1,0,ODI no. 4233
97,IND vs AUS,Ravindra Jadeja,10.0,1,44,2,4.4,28,3,0,0,0,ODI no. 4233
98,NZ vs IND,Jasprit Bumrah,10.0,1,53,0,5.3,37,3,1,9,0,ODI no. 4235
99,NZ vs IND,Mohammed Shami,9.1,0,63,1,6.87,27,8,0,6,0,ODI no. 4235
100,NZ vs IND,Shardul Thakur,9.0,0,80,1,8.88,20,6,4,2,1,ODI no. 4235
101,NZ vs IND,Ravindra Jadeja,10.0,0,64,0,6.4,23,6,1,1,0,ODI no. 4235
102,NZ vs IND,Kuldeep Yadav,10.0,0,84,2,8.4,17,10,1,1,0,ODI no. 4235
103,NZ vs IND,Shardul Thakur,10.0,1,60,2,6.0,34,6,2,3,0,ODI no. 4239
104,NZ vs IND,Jasprit Bumrah,10.0,0,64,0,6.4,25,6,2,0,0,ODI no. 4239
105,NZ vs IND,Navdeep Saini,10.0,0,48,0,4.8,36,5,1,2,0,ODI no. 4239
106,NZ vs IND,Yuzvendra Chahal,10.0,0,58,3,5.8,27,4,2,1,0,ODI no. 4239
107,NZ vs IND,Ravindra Jadeja,10.0,0,35,1,3.5,34,3,0,0,0,ODI no. 4239
108,NZ vs IND,Jasprit Bumrah,10.0,0,50,0,5.0,32,4,1,0,0,ODI no. 4243
109,NZ vs IND,Navdeep Saini,8.0,0,68,0,8.5,26,8,2,2,2,ODI no. 4243
110,NZ vs IND,Yuzvendra Chahal,10.0,1,47,3,4.7,28,3,1,0,0,ODI no. 4243
111,NZ vs IND,Shardul Thakur,9.1,0,87,1,9.49,22,10,4,4,0,ODI no. 4243
112,NZ vs IND,Ravindra Jadeja,10.0,0,45,1,4.5,25,3,0,0,0,ODI no. 4243
113,AUS vs IND,Mohammed Shami,10.0,0,59,3,5.9,30,5,1,1,0,ODI no. 4265
114,AUS vs IND,Jasprit Bumrah,10.0,0,73,1,7.3,25,9,0,2,1,ODI no. 4265
115,AUS vs IND,Navdeep Saini,10.0,0,83,1,8.3,21,8,2,3,0,ODI no. 4265
116,AUS vs IND,Yuzvendra Chahal,10.0,0,89,1,8.9,25,5,5,3,1,ODI no. 4265
117,AUS vs IND,Ravindra Jadeja,10.0,0,63,0,6.3,27,6,1,1,0,ODI no. 4265
118,AUS vs IND,Mohammed Shami,9.0,0,73,1,8.11,20,9,1,1,0,ODI no. 4266
119,AUS vs IND,Jasprit Bumrah,10.0,1,79,1,7.9,22,9,1,1,0,ODI no. 4266
120,AUS vs IND,Navdeep Saini,7.0,0,70,0,10.0,15,7,3,2,1,ODI no. 4266
121,AUS vs IND,Yuzvendra Chahal,9.0,0,71,0,7.88,19,4,4,0,0,ODI no. 4266
122,AUS vs IND,Ravindra Jadeja,10.0,0,60,0,6.0,19,3,1,0,0,ODI no. 4266
123,AUS vs IND,Mayank Agarwal,1.0,0,10,0,10.0,2,2,0,0,0,ODI no. 4266
124,AUS vs IND,Hardik Pandya,4.0,0,24,1,6.0,10,2,0,0,0,ODI no. 4266
125,AUS vs IND,Jasprit Bumrah,9.3,0,43,2,4.52,35,3,1,5,0,ODI no. 4267
126,AUS vs IND,T Natarajan,10.0,1,70,2,7.0,30,7,2,4,1,ODI no. 4267
127,AUS vs IND,Shardul Thakur,10.0,1,51,3,5.1,29,5,0,0,0,ODI no. 4267
128,AUS vs IND,Kuldeep Yadav,10.0,0,57,1,5.7,26,3,1,0,0,ODI no. 4267
129,AUS vs IND,Ravindra Jadeja,10.0,0,62,1,6.2,31,3,4,0,1,ODI no. 4267
130,IND vs ENG,Bhuvneshwar Kumar,9.0,0,30,2,3.33,34,2,0,2,0,ODI no. 4281
131,IND vs ENG,Prasidh Krishna,8.1,1,54,4,6.61,30,5,2,3,0,ODI no. 4281
132,IND vs ENG,Shardul Thakur,6.0,0,37,3,6.16,18,3,1,0,0,ODI no. 4281
133,IND vs ENG,Krunal Pandya,10.0,0,59,1,5.9,31,4,3,0,0,ODI no. 4281
134,IND vs ENG,Kuldeep Yadav,9.0,0,68,0,7.55,23,5,4,1,0,ODI no. 4281
135,IND vs ENG,Bhuvneshwar Kumar,10.0,0,63,1,6.3,32,7,2,1,0,ODI no. 4283
136,IND vs ENG,Prasidh Krishna,10.0,0,58,2,5.8,38,9,1,1,1,ODI no. 4283
137,IND vs ENG,Shardul Thakur,7.3,0,54,0,7.2,23,4,3,1,1,ODI no. 4283
138,IND vs ENG,Kuldeep Yadav,10.0,0,84,0,8.4,27,3,8,1,0,ODI no. 4283
139,IND vs ENG,Krunal Pandya,6.0,0,72,0,12.0,6,1,6,3,0,ODI no. 4283
140,IND vs ENG,Bhuvneshwar Kumar,10.0,0,42,3,4.2,40,6,0,3,0,ODI no. 4284
141,IND vs ENG,T Natarajan,10.0,0,73,1,7.3,29,7,2,7,0,ODI no. 4284
142,IND vs ENG,Prasidh Krishna,7.0,0,62,0,8.85,18,10,1,0,0,ODI no. 4284
143,IND vs ENG,Shardul Thakur,10.0,0,67,4,6.7,25,7,1,1,0,ODI no. 4284
144,IND vs ENG,Hardik Pandya,9.0,0,48,0,5.33,23,3,1,0,0,ODI no. 4284
145,IND vs ENG,Krunal Pandya,4.0,0,29,0,7.25,7,0,2,1,0,ODI no. 4284
146,SL vs IND,Bhuvneshwar Kumar,9.0,0,63,0,7.0,25,2,2,5,0,ODI no. 4307
147,SL vs IND,Deepak Chahar,7.0,1,37,2,5.28,23,3,1,2,0,ODI no. 4307
148,SL vs IND,Hardik Pandya,5.0,0,34,1,6.8,12,3,1,0,1,ODI no. 4307
149,SL vs IND,Yuzvendra Chahal,10.0,0,52,2,5.2,33,1,3,3,0,ODI no. 4307
150,SL vs IND,Kuldeep Yadav,9.0,1,48,2,5.33,29,5,0,1,0,ODI no. 4307
151,SL vs IND,Krunal Pandya,10.0,1,26,1,2.6,36,0,0,1,0,ODI no. 4307
152,SL vs IND,Bhuvneshwar Kumar,10.0,0,54,3,5.4,33,7,0,1,1,ODI no. 4309
153,SL vs IND,Deepak Chahar,8.0,0,53,2,6.62,26,6,1,3,0,ODI no. 4309
154,SL vs IND,Hardik Pandya,4.0,0,20,0,5.0,15,1,0,3,1,ODI no. 4309
155,SL vs IND,Yuzvendra Chahal,10.0,1,50,3,5.0,26,4,0,0,0,ODI no. 4309
156,SL vs IND,Kuldeep Yadav,10.0,0,55,0,5.5,21,3,0,1,0,ODI no. 4309
157,SL vs IND,Krunal Pandya,8.0,0,37,0,4.62,23,3,0,1,0,ODI no. 4309
158,SL vs IND,Navdeep Saini,5.0,0,27,0,5.4,18,1,1,1,1,ODI no. 4312
159,SL vs IND,Chetan Sakariya,8.0,0,34,2,4.25,32,4,0,1,2,ODI no. 4312
160,SL vs IND,Rahul Chahar,10.0,0,54,3,5.4,31,6,0,0,2,ODI no. 4312
161,SL vs IND,Krishnappa Gowtham,8.0,0,49,1,6.12,25,6,0,2,0,ODI no. 4312
162,SL vs IND,Hardik Pandya,5.0,0,43,1,8.6,12,5,0,3,0,ODI no. 4312
163,SL vs IND,Nitish Rana,3.0,0,10,0,3.33,9,0,0,0,0,ODI no. 4312
164,SA vs IND,Jasprit Bumrah,10.0,0,48,2,4.8,30,4,0,1,0,ODI no. 4344
165,SA vs IND,Bhuvneshwar Kumar,10.0,0,64,0,6.4,26,3,1,4,0,ODI no. 4344
166,SA vs IND,Shardul Thakur,10.0,1,72,0,7.2,26,5,3,2,3,ODI no. 4344
167,SA vs IND,Ravichandran Ashwin,10.0,0,53,1,5.3,20,2,0,2,0,ODI no. 4344
168,SA vs IND,Yuzvendra Chahal,10.0,0,53,0,5.3,30,6,0,0,0,ODI no. 4344
169,SA vs IND,Jasprit Bumrah,10.0,0,37,1,3.7,38,3,0,1,0,ODI no. 4346
170,SA vs IND,Bhuvneshwar Kumar,8.0,0,67,0,8.37,15,6,2,1,0,ODI no. 4346
171,SA vs IND,Ravichandran Ashwin,10.0,1,68,0,6.8,24,6,2,0,0,ODI no. 4346
172,SA vs IND,Yuzvendra Chahal,10.0,0,47,1,4.7,26,2,0,1,0,ODI no. 4346
173,SA vs IND,Shardul Thakur,5.0,0,35,1,7.0,13,5,0,2,0,ODI no. 4346
174,SA vs IND,Venkatesh Iyer,5.0,0,28,0,5.6,10,2,0,0,0,ODI no. 4346
175,SA vs IND,Shreyas Iyer,0.1,0,1,0,6.0,0,0,0,0,0,ODI no. 4346
176,SA vs IND,Deepak Chahar,8.0,0,53,2,6.62,26,6,0,6,1,ODI no. 4349
177,SA vs IND,Jasprit Bumrah,10.0,0,52,2,5.2,27,5,0,1,0,ODI no. 4349
178,SA vs IND,Prasidh Krishna,9.5,0,59,3,6.0,31,7,1,1,1,ODI no. 4349
179,SA vs IND,Jayant Yadav,10.0,0,53,0,5.3,30,3,1,1,1,ODI no. 4349
180,SA vs IND,Yuzvendra Chahal,9.0,0,47,1,5.22,28,5,1,0,0,ODI no. 4349
181,SA vs IND,Shreyas Iyer,3.0,0,21,0,7.0,7,1,1,0,0,ODI no. 4349
182,IND vs WI,Mohammed Siraj,8.0,2,26,1,3.25,35,3,0,1,0,ODI no. 4353
183,IND vs WI,Prasidh Krishna,10.0,0,29,2,2.9,47,4,0,2,0,ODI no. 4353
184,IND vs WI,Washington Sundar,9.0,1,30,3,3.33,36,3,0,1,0,ODI no. 4353
185,IND vs WI,Shardul Thakur,7.0,0,38,0,5.42,23,2,1,0,0,ODI no. 4353
186,IND vs WI,Yuzvendra Chahal,9.5,0,49,4,4.98,38,1,4,0,0,ODI no. 4353
187,IND vs WI,Mohammed Siraj,9.0,1,38,1,4.22,38,3,1,3,0,ODI no. 4355
188,IND vs WI,Shardul Thakur,9.0,1,41,2,4.55,35,4,2,0,0,ODI no. 4355
189,IND vs WI,Prasidh Krishna,9.0,3,12,4,1.33,45,1,0,0,0,ODI no. 4355
190,IND vs WI,Yuzvendra Chahal,10.0,0,45,1,4.5,33,1,2,0,2,ODI no. 4355
191,IND vs WI,Washington Sundar,5.0,0,28,1,5.6,14,1,1,0,1,ODI no. 4355
192,IND vs WI,Deepak Hooda,4.0,0,24,1,6.0,12,1,1,1,0,ODI no. 4355
193,IND vs WI,Deepak Chahar,8.0,1,41,2,5.12,28,5,0,1,0,ODI no. 4356
194,IND vs WI,Mohammed Siraj,9.0,1,29,3,3.22,41,4,0,2,0,ODI no. 4356
195,IND vs WI,Prasidh Krishna,8.1,1,27,3,3.3,37,2,1,1,0,ODI no. 4356
196,IND vs WI,Kuldeep Yadav,8.0,0,51,2,6.37,27,2,4,2,0,ODI no. 4356
197,IND vs WI,Washington Sundar,4.0,0,17,0,4.25,18,1,1,2,0,ODI no. 4356
198,ENG vs IND,Mohammed Shami,7.0,0,31,3,4.42,29,5,0,1,0,ODI no. 4424
199,ENG vs IND,Jasprit Bumrah,7.2,3,19,6,2.59,38,2,0,2,0,ODI no. 4424
200,ENG vs IND,Hardik Pandya,4.0,0,22,0,5.5,13,3,0,0,0,ODI no. 4424
201,ENG vs IND,Prasidh Krishna,5.0,0,26,1,5.2,22,6,0,0,0,ODI no. 4424
202,ENG vs IND,Yuzvendra Chahal,2.0,0,10,0,5.0,7,0,1,0,0,ODI no. 4424
203,ENG vs IND,Mohammed Shami,10.0,0,48,1,4.8,39,4,1,3,0,ODI no. 4428
204,ENG vs IND,Jasprit Bumrah,10.0,1,49,2,4.9,39,4,2,0,1,ODI no. 4428
205,ENG vs IND,Hardik Pandya,6.0,0,28,2,4.66,20,1,1,3,0,ODI no. 4428
206,ENG vs IND,Prasidh Krishna,8.0,0,53,1,6.62,23,4,2,1,0,ODI no. 4428
207,ENG vs IND,Yuzvendra Chahal,10.0,0,47,4,4.7,33,4,1,1,0,ODI no. 4428
208,ENG vs IND,Ravindra Jadeja,5.0,0,17,0,3.4,15,0,0,0,0,ODI no. 4428
209,ENG vs IND,Mohammed Shami,7.0,0,38,0,5.42,24,6,0,0,0,ODI no. 4433
210,ENG vs IND,Mohammed Siraj,9.0,1,66,2,7.33,29,7,1,5,0,ODI no. 4433
211,ENG vs IND,Prasidh Krishna,9.0,0,48,0,5.33,31,5,1,2,1,ODI no. 4433
212,ENG vs IND,Hardik Pandya,7.0,3,24,4,3.42,33,0,2,0,0,ODI no. 4433
213,ENG vs IND,Yuzvendra Chahal,9.5,0,60,3,6.1,25,0,4,2,0,ODI no. 4433
214,ENG vs IND,Ravindra Jadeja,4.0,0,21,1,5.25,11,2,0,0,1,ODI no. 4433
215,WI vs IND,Mohammed Siraj,10.0,0,57,2,5.7,31,7,0,3,0,ODI no. 4436
216,WI vs IND,Prasidh Krishna,10.0,1,62,0,6.2,34,6,3,2,0,ODI no. 4436
217,WI vs IND,Shardul Thakur,8.0,0,54,2,6.75,18,3,1,1,3,ODI no. 4436
218,WI vs IND,Axar Patel,7.0,0,43,0,6.14,17,3,1,0,0,ODI no. 4436
219,WI vs IND,Deepak Hooda,5.0,0,22,0,4.4,14,1,0,3,0,ODI no. 4436
220,WI vs IND,Yuzvendra Chahal,10.0,0,58,2,5.8,28,3,3,0,0,ODI no. 4436
221,WI vs IND,Mohammed Siraj,10.0,1,46,0,4.6,36,4,1,2,0,ODI no. 4438
222,WI vs IND,Avesh Khan,6.0,0,54,0,9.0,13,8,1,0,0,ODI no. 4438
223,WI vs IND,Shardul Thakur,7.0,0,54,3,7.71,16,3,2,3,1,ODI no. 4438
224,WI vs IND,Deepak Hooda,9.0,0,42,1,4.66,27,3,1,0,0,ODI no. 4438
225,WI vs IND,Axar Patel,9.0,1,40,1,4.44,30,3,1,0,0,ODI no. 4438
226,WI vs IND,Yuzvendra Chahal,9.0,0,69,1,7.66,25,2,6,1,0,ODI no. 4438
227,WI vs IND,Deepak Hooda,4.0,1,16,0,4.0,16,1,1,0,0,ODI no. 4439
228,WI vs IND,Mohammed Siraj,3.0,0,14,2,4.66,12,0,1,0,0,ODI no. 4439
229,WI vs IND,Axar Patel,6.0,0,38,1,6.33,15,4,1,0,0,ODI no. 4439
230,WI vs IND,Prasidh Krishna,4.0,0,30,1,7.5,10,5,0,1,0,ODI no. 4439
231,WI vs IND,Yuzvendra Chahal,4.0,0,17,4,4.25,11,1,0,0,0,ODI no. 4439
232,WI vs IND,Shardul Thakur,5.0,0,17,2,3.4,18,1,0,0,0,ODI no. 4439
233,ZIM vs IND,Deepak Chahar,7.0,0,27,3,3.85,30,3,0,2,0,ODI no. 4451
234,ZIM vs IND,Mohammed Siraj,8.0,2,36,1,4.5,35,4,0,2,0,ODI no. 4451
235,ZIM vs IND,Kuldeep Yadav,10.0,1,36,0,3.6,34,0,1,0,0,ODI no. 4451
236,ZIM vs IND,Prasidh Krishna,8.0,0,50,3,6.25,27,8,0,1,0,ODI no. 4451
237,ZIM vs IND,Axar Patel,7.3,2,24,3,3.2,34,2,1,0,0,ODI no. 4451
238,ZIM vs IND,Mohammed Siraj,8.0,2,16,1,2.0,42,0,0,4,0,ODI no. 4454
239,ZIM vs IND,Prasidh Krishna,6.1,1,28,1,4.54,27,1,1,1,0,ODI no. 4454
240,ZIM vs IND,Shardul Thakur,7.0,0,38,3,5.42,27,5,0,3,0,ODI no. 4454
241,ZIM vs IND,Axar Patel,7.0,1,20,1,2.85,23,0,0,0,0,ODI no. 4454
242,ZIM vs IND,Kuldeep Yadav,8.0,0,49,1,6.12,22,5,1,1,0,ODI no. 4454
243,ZIM vs IND,Deepak Hooda,2.0,0,6,1,3.0,7,0,0,0,0,ODI no. 4454
244,ZIM vs IND,Deepak Chahar,10.0,0,75,2,7.5,25,7,3,1,0,ODI no. 4457
245,ZIM vs IND,Avesh Khan,9.3,1,66,3,6.94,29,7,2,1,2,ODI no. 4457
246,ZIM vs IND,Shardul Thakur,9.0,0,55,1,6.11,26,5,0,2,2,ODI no. 4457
247,ZIM vs IND,Kuldeep Yadav,10.0,0,38,2,3.8,33,1,0,2,0,ODI no. 4457
248,ZIM vs IND,Deepak Hooda,1.0,0,9,0,9.0,3,2,0,0,0,ODI no. 4457
249,ZIM vs IND,Axar Patel,10.0,1,30,2,3.0,39,2,0,1,0,ODI no. 4457
250,IND vs SA,Mohammed Siraj,8.0,0,49,0,6.12,26,5,1,3,0,ODI no. 4470
251,IND vs SA,Avesh Khan,8.0,0,51,0,6.37,28,4,2,2,0,ODI no. 4470
252,IND vs SA,Shardul Thakur,8.0,1,35,2,4.37,26,3,0,2,0,ODI no. 4470
253,IND vs SA,Ravi Bishnoi,8.0,0,69,1,8.62,21,7,1,4,1,ODI no. 4470
254,IND vs SA,Kuldeep Yadav,8.0,0,39,1,4.87,24,2,1,0,0,ODI no. 4470
255,IND vs SA,Mohammed Siraj,10.0,1,38,3,3.8,39,5,0,2,0,ODI no. 4471
256,IND vs SA,Washington Sundar,9.0,0,60,1,6.66,20,6,1,0,0,ODI no. 4471
257,IND vs SA,Shahbaz Ahmed,10.0,0,54,1,5.4,25,4,1,0,0,ODI no. 4471
258,IND vs SA,Avesh Khan,7.0,0,35,0,5.0,24,5,0,1,0,ODI no. 4471
259,IND vs SA,Kuldeep Yadav,9.0,0,49,1,5.44,24,2,2,0,0,ODI no. 4471
260,IND vs SA,Shardul Thakur,5.0,0,36,1,7.2,11,5,0,0,0,ODI no. 4471
261,IND vs SA,Washington Sundar,4.0,0,15,2,3.75,17,2,0,2,0,ODI no. 4472
262,IND vs SA,Mohammed Siraj,5.0,0,17,2,3.4,23,3,0,0,0,ODI no. 4472
263,IND vs SA,Avesh Khan,5.0,1,8,0,1.6,24,0,0,2,0,ODI no. 4472
264,IND vs SA,Shahbaz Ahmed,7.0,0,32,2,4.57,23,4,0,0,0,ODI no. 4472
265,IND vs SA,Shardul Thakur,2.0,0,8,0,4.0,7,1,0,0,0,ODI no. 4472
266,IND vs SA,Kuldeep Yadav,4.1,1,18,4,4.32,15,1,1,0,0,ODI no. 4472
267,NZ vs IND,Arshdeep Singh,8.1,0,68,0,8.32,22,6,3,1,1,ODI no. 4483
268,NZ vs IND,Shardul Thakur,9.0,1,63,1,7.0,31,10,1,3,0,ODI no. 4483
269,NZ vs IND,Washington Sundar,10.0,0,42,0,4.2,31,2,1,1,0,ODI no. 4483
270,NZ vs IND,Umran Malik,10.0,0,66,2,6.6,30,6,2,1,1,ODI no. 4483
271,NZ vs IND,Yuzvendra Chahal,10.0,0,67,0,6.7,25,7,1,2,0,ODI no. 4483
272,NZ vs IND,Deepak Chahar,5.0,0,30,0,6.0,19,6,0,0,0,ODI no. 4489
273,NZ vs IND,Arshdeep Singh,5.0,1,21,0,4.2,23,4,0,1,0,ODI no. 4489
274,NZ vs IND,Umran Malik,5.0,0,31,1,6.2,18,4,0,2,0,ODI no. 4489
275,NZ vs IND,Washington Sundar,3.0,0,16,0,5.33,7,0,1,0,0,ODI no. 4489
276,BAN vs IND,Deepak Chahar,8.0,1,32,1,4.0,35,5,0,0,2,ODI no. 4493
277,BAN vs IND,Mohammed Siraj,10.0,1,32,3,3.2,46,4,0,2,0,ODI no. 4493
278,BAN vs IND,Kuldeep Sen,5.0,0,37,2,7.4,16,1,3,3,0,ODI no. 4493
279,BAN vs IND,Shahbaz Ahmed,9.0,0,39,0,4.33,27,3,0,0,0,ODI no. 4493
280,BAN vs IND,Washington Sundar,5.0,0,17,2,3.4,17,0,0,0,0,ODI no. 4493
281,BAN vs IND,Shardul Thakur,9.0,1,21,1,2.33,39,1,0,1,0,ODI no. 4493
282,BAN vs IND,Deepak Chahar,3.0,0,12,0,4.0,12,1,0,0,0,ODI no. 4496
283,BAN vs IND,Mohammed Siraj,10.0,0,73,2,7.3,35,10,1,4,1,ODI no. 4496
284,BAN vs IND,Shardul Thakur,10.0,1,47,0,4.7,35,2,2,2,0,ODI no. 4496
285,BAN vs IND,Umran Malik,10.0,2,58,2,5.8,35,9,0,1,1,ODI no. 4496
286,BAN vs IND,Washington Sundar,10.0,0,37,3,3.7,36,2,1,0,0,ODI no. 4496
287,BAN vs IND,Axar Patel,7.0,0,40,0,5.71,17,2,1,0,0,ODI no. 4496
288,BAN vs IND,Mohammed Siraj,5.0,0,27,1,5.4,16,2,1,0,0,ODI no. 4499
289,BAN vs IND,Shardul Thakur,5.0,0,30,3,6.0,22,3,2,2,0,ODI no. 4499
290,BAN vs IND,Axar Patel,5.0,0,22,2,4.4,15,2,0,0,0,ODI no. 4499
291,BAN vs IND,Umran Malik,8.0,0,43,2,5.37,24,5,0,0,1,ODI no. 4499
292,BAN vs IND,Kuldeep Yadav,10.0,1,53,1,5.3,31,2,3,1,0,ODI no. 4499
293,BAN vs IND,Washington Sundar,1.0,0,2,1,2.0,4,0,0,0,0,ODI no. 4499
294,IND vs SL,Mohammed Shami,9.0,0,67,1,7.44,29,9,1,2,0,ODI no. 4501
295,IND vs SL,Mohammed Siraj,7.0,1,30,2,4.28,29,3,1,0,0,ODI no. 4501
296,IND vs SL,Hardik Pandya,6.0,0,33,1,5.5,18,4,0,2,0,ODI no. 4501
297,IND vs SL,Umran Malik,8.0,0,57,3,7.12,27,10,0,4,0,ODI no. 4501
298,IND vs SL,Yuzvendra Chahal,10.0,0,58,1,5.8,33,6,2,0,0,ODI no. 4501
299,IND vs SL,Axar Patel,10.0,0,58,0,5.8,32,7,1,0,0,ODI no. 4501
300,IND vs SL,Mohammed Shami,7.0,0,43,0,6.14,23,7,0,1,0,ODI no. 4503
301,IND vs SL,Mohammed Siraj,5.4,0,30,3,5.29,24,4,1,2,0,ODI no. 4503
302,IND vs SL,Hardik Pandya,5.0,0,26,0,5.2,14,2,0,2,0,ODI no. 4503
303,IND vs SL,Umran Malik,7.0,0,48,2,6.85,21,6,1,0,1,ODI no. 4503
304,IND vs SL,Kuldeep Yadav,10.0,0,51,3,5.1,33,6,1,0,0,ODI no. 4503
305,IND vs SL,Axar Patel,5.0,0,16,1,3.2,18,1,0,0,0,ODI no. 4503
306,IND vs SL,Mohammed Shami,6.0,2,20,2,3.33,31,3,0,2,0,ODI no. 4505
307,IND vs SL,Mohammed Siraj,10.0,1,32,4,3.2,46,5,0,1,0,ODI no. 4505
308,IND vs SL,Kuldeep Yadav,5.0,1,16,2,3.2,23,3,0,0,0,ODI no. 4505
309,IND vs SL,Shreyas Iyer,1.0,0,2,0,2.0,4,0,0,0,0,ODI no. 4505
310,IND vs NZ,Mohammed Shami,10.0,1,69,1,6.9,30,8,3,0,0,ODI no. 4507
311,IND vs NZ,Mohammed Siraj,10.0,2,46,4,4.6,39,7,0,4,0,ODI no. 4507
312,IND vs NZ,Hardik Pandya,7.0,0,70,1,10.0,14,7,3,3,0,ODI no. 4507
313,IND vs NZ,Kuldeep Yadav,8.0,1,43,2,5.37,29,4,2,0,0,ODI no. 4507
314,IND vs NZ,Shardul Thakur,7.2,0,54,2,7.36,27,6,2,7,0,ODI no. 4507
315,IND vs NZ,Washington Sundar,7.0,0,50,0,7.14,18,3,3,0,0,ODI no. 4507
316,IND vs NZ,Mohammed Shami,6.0,1,18,3,3.0,30,3,0,3,0,ODI no. 4509
317,IND vs NZ,Mohammed Siraj,6.0,1,10,1,1.66,30,1,0,0,0,ODI no. 4509
318,IND vs NZ,Shardul Thakur,6.0,1,26,1,4.33,26,5,0,1,0,ODI no. 4509
319,IND vs NZ,Hardik Pandya,6.0,3,16,2,2.66,29,2,0,1,0,ODI no. 4509
320,IND vs NZ,Kuldeep Yadav,7.3,0,29,1,3.86,22,2,0,0,0,ODI no. 4509
321,IND vs NZ,Washington Sundar,3.0,1,7,2,2.33,13,0,0,0,0,ODI no. 4509
322,IND vs NZ,Hardik Pandya,6.0,0,37,1,6.16,23,3,2,3,0,ODI no. 4511
323,IND vs NZ,Washington Sundar,6.0,0,49,0,8.16,15,4,3,1,0,ODI no. 4511
324,IND vs NZ,Shardul Thakur,6.0,0,45,3,7.5,15,4,2,1,0,ODI no. 4511
325,IND vs NZ,Umran Malik,7.0,0,52,1,7.42,18,5,2,2,0,ODI no. 4511
326,IND vs NZ,Kuldeep Yadav,9.0,0,62,3,6.88,21,4,2,2,0,ODI no. 4511
327,IND vs NZ,Yuzvendra Chahal,7.2,0,43,2,5.86,22,3,2,0,0,ODI no. 4511
328,IND vs AUS,Mohammed Shami,6.0,2,17,3,2.83,30,1,1,2,0,ODI no. 4538
329,IND vs AUS,Mohammed Siraj,5.4,1,29,3,5.11,26,7,0,0,0,ODI no. 4538
330,IND vs AUS,Hardik Pandya,5.0,0,29,1,5.8,19,2,2,1,0,ODI no. 4538
331,IND vs AUS,Shardul Thakur,2.0,0,12,0,6.0,8,1,1,0,0,ODI no. 4538
332,IND vs AUS,Ravindra Jadeja,9.0,0,46,2,5.11,27,4,1,0,0,ODI no. 4538
333,IND vs AUS,Kuldeep Yadav,8.0,1,48,1,6.0,24,5,1,0,0,ODI no. 4538
334,IND vs AUS,Mohammed Shami,3.0,0,29,0,9.66,11,3,2,3,0,ODI no. 4541
335,IND vs AUS,Mohammed Siraj,3.0,0,37,0,12.33,6,8,0,1,0,ODI no. 4541
336,IND vs AUS,Axar Patel,3.0,0,25,0,8.33,7,4,0,0,0,ODI no. 4541
337,IND vs AUS,Hardik Pandya,1.0,0,18,0,18.0,3,0,3,0,0,ODI no. 4541
338,IND vs AUS,Kuldeep Yadav,1.0,0,12,0,12.0,2,1,1,0,0,ODI no. 4541
339,IND vs AUS,Mohammed Shami,6.0,0,37,0,6.16,23,4,2,0,0,ODI no. 4545
340,IND vs AUS,Mohammed Siraj,7.0,1,37,2,5.28,28,6,1,0,0,ODI no. 4545
341,IND vs AUS,Axar Patel,8.0,0,57,2,7.12,24,3,4,0,1,ODI no. 4545
342,IND vs AUS,Hardik Pandya,8.0,0,44,3,5.5,24,4,0,1,0,ODI no. 4545
343,IND vs AUS,Ravindra Jadeja,10.0,0,34,0,3.4,31,1,0,1,0,ODI no. 4545
344,IND vs AUS,Kuldeep Yadav,10.0,1,56,3,5.6,30,4,1,1,0,ODI no. 4545
345,WI vs IND,Hardik Pandya,3.0,0,17,1,5.66,13,2,1,0,0,ODI no. 4622
346,WI vs IND,Mukesh Kumar,5.0,1,22,1,4.4,21,3,0,2,0,ODI no. 4622
347,WI vs IND,Shardul Thakur,3.0,1,14,1,4.66,11,2,0,1,0,ODI no. 4622
348,WI vs IND,Ravindra Jadeja,6.0,0,37,3,6.16,18,2,1,2,2,ODI no. 4622
349,WI vs IND,Umran Malik,3.0,0,17,0,5.66,10,3,0,0,0,ODI no. 4622
350,WI vs IND,Kuldeep Yadav,3.0,2,6,4,2.0,15,0,0,0,0,ODI no. 4622
351,WI vs IND,Hardik Pandya,6.4,0,38,0,5.7,22,4,1,1,0,ODI no. 4623
352,WI vs IND,Mukesh Kumar,3.0,0,17,0,5.66,12,3,0,0,0,ODI no. 4623
353,WI vs IND,Umran Malik,3.0,0,27,0,9.0,9,3,1,1,0,ODI no. 4623
354,WI vs IND,Shardul Thakur,8.0,0,42,3,5.25,26,2,2,2,0,ODI no. 4623
355,WI vs IND,Kuldeep Yadav,8.0,0,30,1,3.75,25,1,0,1,0,ODI no. 4623
356,WI vs IND,Ravindra Jadeja,6.0,0,24,0,4.0,17,0,0,0,0,ODI no. 4623
357,WI vs IND,Axar Patel,2.0,1,4,0,2.0,8,0,0,0,0,ODI no. 4623
358,WI vs IND,Mukesh Kumar,7.0,1,30,3,4.28,33,2,1,4,2,ODI no. 4624
359,WI vs IND,Hardik Pandya,4.0,1,13,0,3.25,18,2,0,0,0,ODI no. 4624
360,WI vs IND,Shardul Thakur,6.3,0,37,4,5.69,23,5,1,0,0,ODI no. 4624
361,WI vs IND,Jaydev Unadkat,5.0,0,16,1,3.2,20,2,0,0,0,ODI no. 4624
362,WI vs IND,Kuldeep Yadav,8.0,3,25,2,3.12,39,3,1,0,0,ODI no. 4624
363,WI vs IND,Ravindra Jadeja,5.0,1,29,0,5.8,21,3,2,0,0,ODI no. 4624
