,Match,Match_id,Name,Overs,Maiden,Runs,Wickets,ECON,0s,4s,6s,Wide,NB
0,SL vs IND,T20I no. 656,Jaydev Unadkat,3.0,0.0,35.0,1,11.66,8,4,2,2.0,0.0
1,SL vs IND,T20I no. 656,Washington Sundar,4.0,0.0,28.0,2,7.0,14,1,2,1.0,0.0
2,SL vs IND,T20I no. 656,Shardul Thakur,3.3,0.0,42.0,0,12.0,7,6,1,1.0,1.0
3,SL vs IND,T20I no. 656,Yuzvendra Chahal,4.0,0.0,37.0,2,9.25,8,2,2,1.0,0.0
4,SL vs IND,T20I no. 656,Vijay Shankar,2.0,0.0,15.0,0,7.5,2,0,0,1.0,0.0
5,SL vs IND,T20I no. 656,Suresh Raina,2.0,0.0,14.0,0,7.0,4,0,1,0.0,0.0
6,BAN vs IND,T20I no. 657,Jaydev Unadkat,4.0,0.0,38.0,3,9.5,9,2,2,4.0,0.0
7,BAN vs IND,T20I no. 657,Washington Sundar,4.0,0.0,23.0,0,5.75,13,3,0,2.0,0.0
8,BAN vs IND,T20I no. 657,Shardul Thakur,4.0,0.0,25.0,1,6.25,11,3,0,2.0,0.0
9,BAN vs IND,T20I no. 657,Yuzvendra Chahal,4.0,0.0,19.0,1,4.75,11,2,0,0.0,0.0
10,BAN vs IND,T20I no. 657,Vijay Shankar,4.0,0.0,32.0,2,8.0,11,2,1,3.0,2.0
11,SL vs IND,T20I no. 659,Jaydev Unadkat,3.0,0.0,33.0,1,11.0,6,0,3,1.0,0.0
12,SL vs IND,T20I no. 659,Washington Sundar,4.0,0.0,21.0,2,5.25,12,1,1,0.0,0.0
13,SL vs IND,T20I no. 659,Shardul Thakur,4.0,0.0,27.0,4,6.75,10,3,0,1.0,0.0
14,SL vs IND,T20I no. 659,Yuzvendra Chahal,4.0,0.0,34.0,1,8.5,10,1,2,2.0,1.0
15,SL vs IND,T20I no. 659,Vijay Shankar,3.0,0.0,30.0,1,10.0,6,1,2,1.0,0.0
16,SL vs IND,T20I no. 659,Suresh Raina,1.0,0.0,6.0,0,6.0,1,0,0,1.0,0.0
17,BAN vs IND,T20I no. 660,Mohammed Siraj,4.0,0.0,50.0,1,12.5,8,8,1,2.0,1.0
18,BAN vs IND,T20I no. 660,Washington Sundar,4.0,0.0,22.0,3,5.5,13,3,0,1.0,0.0
19,BAN vs IND,T20I no. 660,Shardul Thakur,4.0,0.0,37.0,1,9.25,6,4,1,0.0,0.0
20,BAN vs IND,T20I no. 660,Yuzvendra Chahal,4.0,0.0,21.0,1,5.25,13,1,1,2.0,0.0
21,BAN vs IND,T20I no. 660,Vijay Shankar,4.0,0.0,28.0,0,7.0,6,2,0,0.0,0.0
22,BAN vs IND,T20I no. 662,Jaydev Unadkat,4.0,0.0,33.0,2,8.25,7,2,1,2.0,0.0
23,BAN vs IND,T20I no. 662,Washington Sundar,4.0,0.0,20.0,1,5.0,11,0,1,0.0,0.0
24,BAN vs IND,T20I no. 662,Yuzvendra Chahal,4.0,0.0,18.0,3,4.5,9,1,0,0.0,0.0
25,BAN vs IND,T20I no. 662,Shardul Thakur,4.0,0.0,45.0,0,11.25,8,7,1,1.0,0.0
26,BAN vs IND,T20I no. 662,Vijay Shankar,4.0,0.0,48.0,0,12.0,4,3,3,1.0,0.0
27,IRE vs IND,T20I no. 678,Bhuvneshwar Kumar,4.0,0.0,16.0,0,4.0,12,1,0,0.0,0.0
28,IRE vs IND,T20I no. 678,Jasprit Bumrah,4.0,1.0,19.0,2,4.75,15,3,0,1.0,0.0
29,IRE vs IND,T20I no. 678,Hardik Pandya,4.0,0.0,36.0,0,9.0,6,4,1,0.0,0.0
30,IRE vs IND,T20I no. 678,Yuzvendra Chahal,4.0,0.0,38.0,3,9.5,9,0,4,0.0,0.0
31,IRE vs IND,T20I no. 678,Kuldeep Yadav,4.0,1.0,21.0,4,5.25,11,0,1,0.0,0.0
32,IRE vs IND,T20I no. 680,Umesh Yadav,2.0,0.0,19.0,2,9.5,6,2,1,0.0,0.0
33,IRE vs IND,T20I no. 680,Siddarth Kaul,2.0,0.0,4.0,1,2.0,10,0,0,1.0,0.0
34,IRE vs IND,T20I no. 680,Hardik Pandya,2.0,0.0,10.0,1,5.0,6,1,0,1.0,0.0
35,IRE vs IND,T20I no. 680,Yuzvendra Chahal,4.0,0.0,21.0,3,5.25,12,2,0,1.0,0.0
36,IRE vs IND,T20I no. 680,Kuldeep Yadav,2.3,0.0,16.0,3,6.4,8,1,1,0.0,0.0
37,ENG vs IND,T20I no. 684,Bhuvneshwar Kumar,4.0,0.0,45.0,0,11.25,8,5,1,4.0,0.0
38,ENG vs IND,T20I no. 684,Umesh Yadav,4.0,0.0,21.0,2,5.25,12,3,0,0.0,0.0
39,ENG vs IND,T20I no. 684,Yuzvendra Chahal,4.0,0.0,34.0,0,8.5,7,3,1,1.0,0.0
40,ENG vs IND,T20I no. 684,Hardik Pandya,4.0,0.0,33.0,1,8.25,10,4,1,0.0,0.0
41,ENG vs IND,T20I no. 684,Kuldeep Yadav,4.0,0.0,24.0,5,6.0,13,1,1,0.0,0.0
42,ENG vs IND,T20I no. 688,Umesh Yadav,4.0,0.0,36.0,2,9.0,12,6,1,0.0,0.0
43,ENG vs IND,T20I no. 688,Bhuvneshwar Kumar,3.4,0.0,19.0,1,5.18,11,1,1,0.0,0.0
44,ENG vs IND,T20I no. 688,Hardik Pandya,4.0,0.0,28.0,1,7.0,6,1,0,0.0,0.0
45,ENG vs IND,T20I no. 688,Yuzvendra Chahal,4.0,0.0,28.0,1,7.0,10,2,1,1.0,0.0
46,ENG vs IND,T20I no. 688,Kuldeep Yadav,4.0,0.0,34.0,0,8.5,9,1,3,0.0,0.0
47,ENG vs IND,T20I no. 690,Deepak Chahar,4.0,0.0,43.0,1,10.75,10,4,3,0.0,1.0
48,ENG vs IND,T20I no. 690,Umesh Yadav,4.0,0.0,48.0,1,12.0,9,6,3,0.0,0.0
49,ENG vs IND,T20I no. 690,Siddarth Kaul,4.0,0.0,35.0,2,8.75,9,3,2,0.0,0.0
50,ENG vs IND,T20I no. 690,Hardik Pandya,4.0,0.0,38.0,4,9.5,11,3,3,0.0,0.0
51,ENG vs IND,T20I no. 690,Yuzvendra Chahal,4.0,0.0,30.0,0,7.5,9,3,1,0.0,0.0
52,IND vs WI,T20I no. 707,Umesh Yadav,4.0,0.0,36.0,1,9.0,10,7,0,0.0,0.0
53,IND vs WI,T20I no. 707,Khaleel Ahmed,4.0,1.0,16.0,1,4.0,16,2,0,1.0,0.0
54,IND vs WI,T20I no. 707,Jasprit Bumrah,4.0,0.0,27.0,1,6.75,9,3,0,0.0,0.0
55,IND vs WI,T20I no. 707,Krunal Pandya,4.0,0.0,15.0,1,3.75,16,0,1,2.0,0.0
56,IND vs WI,T20I no. 707,Kuldeep Yadav,4.0,0.0,13.0,3,3.25,15,1,0,0.0,0.0
57,IND vs WI,T20I no. 709,Bhuvneshwar Kumar,4.0,0.0,12.0,2,3.0,18,0,1,0.0,0.0
58,IND vs WI,T20I no. 709,Khaleel Ahmed,4.0,0.0,30.0,2,7.5,11,5,0,1.0,0.0
59,IND vs WI,T20I no. 709,Jasprit Bumrah,4.0,0.0,20.0,2,5.0,14,3,0,1.0,0.0
60,IND vs WI,T20I no. 709,Krunal Pandya,4.0,0.0,23.0,0,5.75,12,1,0,2.0,0.0
61,IND vs WI,T20I no. 709,Kuldeep Yadav,4.0,0.0,32.0,2,8.0,14,2,3,0.0,0.0
62,IND vs WI,T20I no. 710,Khaleel Ahmed,4.0,0.0,37.0,0,9.25,12,4,2,1.0,0.0
63,IND vs WI,T20I no. 710,Washington Sundar,4.0,0.0,33.0,1,8.25,13,3,1,3.0,0.0
64,IND vs WI,T20I no. 710,Bhuvneshwar Kumar,4.0,0.0,39.0,0,9.75,7,4,2,0.0,0.0
65,IND vs WI,T20I no. 710,Krunal Pandya,4.0,0.0,40.0,0,10.0,7,1,3,3.0,0.0
66,IND vs WI,T20I no. 710,Yuzvendra Chahal,4.0,0.0,28.0,2,7.0,8,1,1,3.0,0.0
67,AUS vs IND,T20I no. 712,Bhuvneshwar Kumar,3.0,0.0,15.0,0,5.0,10,2,0,0.0,0.0
68,AUS vs IND,T20I no. 712,Jasprit Bumrah,3.0,0.0,21.0,1,7.0,7,2,0,0.0,0.0
69,AUS vs IND,T20I no. 712,Khaleel Ahmed,3.0,0.0,42.0,1,14.0,5,3,3,2.0,0.0
70,AUS vs IND,T20I no. 712,Kuldeep Yadav,4.0,0.0,24.0,2,6.0,9,1,0,2.0,0.0
71,AUS vs IND,T20I no. 712,Krunal Pandya,4.0,0.0,55.0,0,13.75,5,0,6,1.0,0.0
72,AUS vs IND,T20I no. 713,Bhuvneshwar Kumar,3.0,0.0,20.0,2,6.66,11,0,2,1.0,0.0
73,AUS vs IND,T20I no. 713,Khaleel Ahmed,4.0,0.0,39.0,2,9.75,12,5,1,4.0,0.0
74,AUS vs IND,T20I no. 713,Jasprit Bumrah,4.0,0.0,20.0,1,5.0,16,2,0,1.0,0.0
75,AUS vs IND,T20I no. 713,Kuldeep Yadav,4.0,0.0,23.0,1,5.75,12,1,1,1.0,0.0
76,AUS vs IND,T20I no. 713,Krunal Pandya,4.0,0.0,26.0,1,6.5,7,2,0,1.0,0.0
77,AUS vs IND,T20I no. 714,Bhuvneshwar Kumar,4.0,0.0,33.0,0,8.25,7,5,0,0.0,0.0
78,AUS vs IND,T20I no. 714,Khaleel Ahmed,4.0,0.0,35.0,0,8.75,10,5,0,4.0,0.0
79,AUS vs IND,T20I no. 714,Jasprit Bumrah,4.0,0.0,38.0,0,9.5,5,5,0,1.0,0.0
80,AUS vs IND,T20I no. 714,Kuldeep Yadav,4.0,0.0,19.0,1,4.75,13,1,0,2.0,0.0
81,AUS vs IND,T20I no. 714,Krunal Pandya,4.0,0.0,36.0,4,9.0,5,5,0,1.0,0.0
82,NZ vs IND,T20I no. 735,Bhuvneshwar Kumar,4.0,0.0,47.0,1,11.75,7,3,3,2.0,0.0
83,NZ vs IND,T20I no. 735,Khaleel Ahmed,4.0,0.0,48.0,1,12.0,7,5,3,0.0,0.0
84,NZ vs IND,T20I no. 735,Krunal Pandya,4.0,0.0,37.0,1,9.25,7,1,3,0.0,0.0
85,NZ vs IND,T20I no. 735,Hardik Pandya,4.0,0.0,51.0,2,12.75,7,3,4,3.0,0.0
86,NZ vs IND,T20I no. 735,Yuzvendra Chahal,4.0,0.0,35.0,1,8.75,4,2,1,0.0,0.0
87,NZ vs IND,T20I no. 737,Bhuvneshwar Kumar,4.0,0.0,29.0,1,7.25,8,1,1,3.0,0.0
88,NZ vs IND,T20I no. 737,Khaleel Ahmed,4.0,0.0,27.0,2,6.75,10,2,1,0.0,0.0
89,NZ vs IND,T20I no. 737,Hardik Pandya,4.0,0.0,36.0,1,9.0,4,3,0,4.0,0.0
90,NZ vs IND,T20I no. 737,Krunal Pandya,4.0,0.0,28.0,3,7.0,8,0,2,0.0,0.0
91,NZ vs IND,T20I no. 737,Yuzvendra Chahal,4.0,0.0,37.0,0,9.25,5,2,2,1.0,0.0
92,NZ vs IND,T20I no. 738,Bhuvneshwar Kumar,4.0,0.0,37.0,1,9.25,7,4,1,1.0,0.0
93,NZ vs IND,T20I no. 738,Khaleel Ahmed,4.0,0.0,47.0,1,11.75,6,6,2,0.0,0.0
94,NZ vs IND,T20I no. 738,Hardik Pandya,4.0,0.0,44.0,0,11.0,5,4,2,0.0,0.0
95,NZ vs IND,T20I no. 738,Krunal Pandya,4.0,0.0,54.0,0,13.5,3,3,4,2.0,0.0
96,NZ vs IND,T20I no. 738,Kuldeep Yadav,4.0,0.0,26.0,2,6.5,8,1,1,0.0,0.0
97,IND vs AUS,T20I no. 748,Jasprit Bumrah,4.0,0.0,16.0,3,4.0,18,3,0,0.0,0.0
98,IND vs AUS,T20I no. 748,Yuzvendra Chahal,4.0,0.0,28.0,1,7.0,11,3,1,0.0,0.0
99,IND vs AUS,T20I no. 748,Umesh Yadav,4.0,0.0,35.0,0,8.75,8,5,0,2.0,0.0
100,IND vs AUS,T20I no. 748,Krunal Pandya,4.0,0.0,17.0,1,4.25,8,0,0,0.0,0.0
101,IND vs AUS,T20I no. 748,Mayank Markande,4.0,0.0,31.0,0,7.75,6,2,1,0.0,0.0
102,IND vs AUS,T20I no. 749,Vijay Shankar,4.0,0.0,38.0,2,9.5,10,6,1,1.0,0.0
103,IND vs AUS,T20I no. 749,Jasprit Bumrah,4.0,0.0,30.0,0,7.5,6,2,1,0.0,0.0
104,IND vs AUS,T20I no. 749,Siddarth Kaul,3.4,0.0,45.0,1,12.27,6,3,3,0.0,1.0
105,IND vs AUS,T20I no. 749,Yuzvendra Chahal,4.0,0.0,47.0,0,11.75,2,2,3,2.0,0.0
106,IND vs AUS,T20I no. 749,Krunal Pandya,4.0,0.0,33.0,0,8.25,6,3,1,1.0,0.0
107,IND vs WI,T20I no. 842,Washington Sundar,2.0,0.0,18.0,1,9.0,8,1,1,1.0,0.0
108,IND vs WI,T20I no. 842,Bhuvneshwar Kumar,4.0,0.0,19.0,2,4.75,16,1,1,1.0,0.0
109,IND vs WI,T20I no. 842,Navdeep Saini,4.0,1.0,17.0,3,4.25,19,0,2,2.0,0.0
110,IND vs WI,T20I no. 842,Khaleel Ahmed,2.0,0.0,8.0,1,4.0,7,1,0,0.0,0.0
111,IND vs WI,T20I no. 842,Krunal Pandya,4.0,1.0,20.0,1,5.0,13,1,1,0.0,0.0
112,IND vs WI,T20I no. 842,Ravindra Jadeja,4.0,1.0,13.0,1,3.25,16,0,1,0.0,0.0
113,IND vs WI,T20I no. 843,Washington Sundar,3.0,1.0,12.0,1,4.0,13,0,1,1.0,0.0
114,IND vs WI,T20I no. 843,Bhuvneshwar Kumar,2.0,0.0,7.0,1,3.5,8,0,0,1.0,0.0
115,IND vs WI,T20I no. 843,Khaleel Ahmed,3.0,0.0,22.0,0,7.33,8,2,1,1.0,0.0
116,IND vs WI,T20I no. 843,Navdeep Saini,3.0,0.0,27.0,0,9.0,8,5,0,0.0,1.0
117,IND vs WI,T20I no. 843,Krunal Pandya,3.3,0.0,23.0,2,6.57,10,1,1,2.0,0.0
118,IND vs WI,T20I no. 843,Ravindra Jadeja,1.0,0.0,6.0,0,6.0,3,1,0,0.0,0.0
119,WI vs IND,T20I no. 846,Bhuvneshwar Kumar,3.0,0.0,19.0,0,6.33,10,1,1,0.0,0.0
120,WI vs IND,T20I no. 846,Deepak Chahar,3.0,1.0,4.0,3,1.33,15,0,0,0.0,0.0
121,WI vs IND,T20I no. 846,Navdeep Saini,4.0,0.0,34.0,2,8.5,10,1,3,0.0,0.0
122,WI vs IND,T20I no. 846,Rahul Chahar,3.0,0.0,27.0,1,9.0,9,1,3,0.0,0.0
123,WI vs IND,T20I no. 846,Washington Sundar,3.0,0.0,23.0,0,7.66,7,1,1,3.0,0.0
124,WI vs IND,T20I no. 846,Krunal Pandya,4.0,0.0,35.0,0,8.75,5,0,3,1.0,0.0
125,IND vs SA,T20I no. 888,Washington Sundar,3.0,0.0,19.0,0,6.33,8,1,1,0.0,0.0
126,IND vs SA,T20I no. 888,Deepak Chahar,4.0,0.0,22.0,2,5.5,12,3,0,0.0,0.0
127,IND vs SA,T20I no. 888,Navdeep Saini,4.0,0.0,34.0,1,8.5,11,3,2,0.0,0.0
128,IND vs SA,T20I no. 888,Ravindra Jadeja,4.0,0.0,31.0,1,7.75,2,3,0,0.0,0.0
129,IND vs SA,T20I no. 888,Hardik Pandya,4.0,0.0,31.0,1,7.75,6,2,1,0.0,0.0
130,IND vs SA,T20I no. 888,Krunal Pandya,1.0,0.0,7.0,0,7.0,1,0,0,0.0,0.0
131,IND vs SA,T20I no. 893,Washington Sundar,4.0,0.0,27.0,0,6.75,11,3,1,0.0,0.0
132,IND vs SA,T20I no. 893,Deepak Chahar,3.0,0.0,15.0,0,5.0,10,2,0,1.0,0.0
133,IND vs SA,T20I no. 893,Navdeep Saini,2.0,0.0,25.0,0,12.5,4,2,2,0.0,0.0
134,IND vs SA,T20I no. 893,Krunal Pandya,3.5,0.0,40.0,0,10.43,2,2,2,1.0,0.0
135,IND vs SA,T20I no. 893,Hardik Pandya,2.0,0.0,23.0,1,11.5,5,3,1,2.0,0.0
136,IND vs SA,T20I no. 893,Ravindra Jadeja,2.0,0.0,8.0,0,4.0,5,0,0,0.0,0.0
137,IND vs BAN,T20I no. 1000,Deepak Chahar,3.0,0.0,24.0,1,8.0,8,2,1,1.0,0.0
138,IND vs BAN,T20I no. 1000,Washington Sundar,4.0,0.0,25.0,0,6.25,9,1,1,0.0,0.0
139,IND vs BAN,T20I no. 1000,Khaleel Ahmed,4.0,0.0,37.0,1,9.25,9,5,1,1.0,0.0
140,IND vs BAN,T20I no. 1000,Yuzvendra Chahal,4.0,0.0,24.0,1,6.0,11,3,0,0.0,0.0
141,IND vs BAN,T20I no. 1000,Krunal Pandya,4.0,0.0,32.0,0,8.0,6,2,1,1.0,0.0
142,IND vs BAN,T20I no. 1000,Shivam Dube,0.3,0.0,9.0,0,18.0,1,0,1,1.0,0.0
143,IND vs BAN,T20I no. 1007,Deepak Chahar,4.0,0.0,25.0,1,6.25,9,2,0,0.0,0.0
144,IND vs BAN,T20I no. 1007,Khaleel Ahmed,4.0,0.0,44.0,1,11.0,8,9,0,0.0,0.0
145,IND vs BAN,T20I no. 1007,Washington Sundar,4.0,0.0,25.0,1,6.25,7,2,0,0.0,0.0
146,IND vs BAN,T20I no. 1007,Yuzvendra Chahal,4.0,0.0,28.0,2,7.0,7,2,0,0.0,1.0
147,IND vs BAN,T20I no. 1007,Shivam Dube,2.0,0.0,12.0,0,6.0,4,1,0,0.0,0.0
148,IND vs BAN,T20I no. 1007,Krunal Pandya,2.0,0.0,17.0,0,8.5,3,0,1,3.0,0.0
149,IND vs BAN,T20I no. 1014,Khaleel Ahmed,4.0,0.0,27.0,0,6.75,12,4,0,2.0,0.0
150,IND vs BAN,T20I no. 1014,Washington Sundar,4.0,0.0,34.0,0,8.5,7,2,2,0.0,0.0
151,IND vs BAN,T20I no. 1014,Deepak Chahar,3.2,0.0,7.0,6,2.1,14,0,0,0.0,0.0
152,IND vs BAN,T20I no. 1014,Yuzvendra Chahal,4.0,0.0,43.0,1,10.75,3,5,1,0.0,0.0
153,IND vs BAN,T20I no. 1014,Shivam Dube,4.0,0.0,30.0,3,7.5,7,4,0,0.0,0.0
154,IND vs WI,T20I no. 1020,Washington Sundar,3.0,0.0,34.0,1,11.33,5,3,2,1.0,0.0
155,IND vs WI,T20I no. 1020,Deepak Chahar,4.0,0.0,56.0,1,14.0,3,2,5,2.0,0.0
156,IND vs WI,T20I no. 1020,Bhuvneshwar Kumar,4.0,0.0,36.0,0,9.0,8,2,2,0.0,0.0
157,IND vs WI,T20I no. 1020,Ravindra Jadeja,4.0,0.0,30.0,1,7.5,10,2,2,0.0,0.0
158,IND vs WI,T20I no. 1020,Yuzvendra Chahal,4.0,0.0,36.0,2,9.0,9,1,3,1.0,0.0
159,IND vs WI,T20I no. 1020,Shivam Dube,1.0,0.0,13.0,0,13.0,1,1,1,0.0,0.0
160,IND vs WI,T20I no. 1022,Deepak Chahar,3.3,0.0,35.0,0,10.0,7,4,1,2.0,0.0
161,IND vs WI,T20I no. 1022,Bhuvneshwar Kumar,4.0,0.0,36.0,0,9.0,7,4,1,0.0,0.0
162,IND vs WI,T20I no. 1022,Washington Sundar,4.0,0.0,26.0,1,6.5,14,0,3,1.0,0.0
163,IND vs WI,T20I no. 1022,Yuzvendra Chahal,3.0,0.0,36.0,0,12.0,7,1,4,1.0,0.0
164,IND vs WI,T20I no. 1022,Shivam Dube,2.0,0.0,18.0,0,9.0,4,2,0,0.0,1.0
165,IND vs WI,T20I no. 1022,Ravindra Jadeja,2.0,0.0,22.0,1,11.0,5,0,3,0.0,0.0
166,IND vs WI,T20I no. 1024,Deepak Chahar,4.0,0.0,20.0,2,5.0,15,3,0,1.0,0.0
167,IND vs WI,T20I no. 1024,Bhuvneshwar Kumar,4.0,0.0,41.0,2,10.25,11,4,3,1.0,0.0
168,IND vs WI,T20I no. 1024,Mohammed Shami,4.0,0.0,25.0,2,6.25,11,0,2,0.0,0.0
169,IND vs WI,T20I no. 1024,Shivam Dube,3.0,0.0,32.0,0,10.66,6,3,2,1.0,0.0
170,IND vs WI,T20I no. 1024,Kuldeep Yadav,4.0,0.0,45.0,2,11.25,11,2,5,1.0,0.0
171,IND vs WI,T20I no. 1024,Washington Sundar,1.0,0.0,5.0,0,5.0,2,0,0,1.0,0.0
172,IND vs SL,T20I no. 1026,Jasprit Bumrah,4.0,0.0,32.0,1,8.0,12,6,0,1.0,0.0
173,IND vs SL,T20I no. 1026,Shardul Thakur,4.0,0.0,23.0,3,5.75,12,3,0,1.0,0.0
174,IND vs SL,T20I no. 1026,Navdeep Saini,4.0,0.0,18.0,2,4.5,13,2,0,1.0,0.0
175,IND vs SL,T20I no. 1026,Washington Sundar,4.0,0.0,29.0,1,7.25,6,2,1,0.0,0.0
176,IND vs SL,T20I no. 1026,Kuldeep Yadav,4.0,0.0,38.0,2,9.5,6,2,2,0.0,0.0
177,IND vs SL,T20I no. 1027,Jasprit Bumrah,2.0,1.0,5.0,1,2.5,9,0,0,1.0,0.0
178,IND vs SL,T20I no. 1027,Shardul Thakur,3.0,0.0,19.0,2,6.33,11,2,1,1.0,0.0
179,IND vs SL,T20I no. 1027,Navdeep Saini,3.5,0.0,28.0,3,7.3,13,5,0,2.0,0.0
180,IND vs SL,T20I no. 1027,Washington Sundar,4.0,0.0,37.0,2,9.25,8,1,3,0.0,0.0
181,IND vs SL,T20I no. 1027,Yuzvendra Chahal,3.0,0.0,33.0,0,11.0,2,2,2,0.0,0.0
182,NZ vs IND,T20I no. 1031,Jasprit Bumrah,4.0,0.0,31.0,1,7.75,8,2,0,2.0,0.0
183,NZ vs IND,T20I no. 1031,Shardul Thakur,3.0,0.0,44.0,1,14.66,5,3,4,0.0,0.0
184,NZ vs IND,T20I no. 1031,Mohammed Shami,4.0,0.0,53.0,0,13.25,6,5,3,3.0,0.0
185,NZ vs IND,T20I no. 1031,Yuzvendra Chahal,4.0,0.0,32.0,1,8.0,8,5,0,0.0,0.0
186,NZ vs IND,T20I no. 1031,Shivam Dube,3.0,0.0,24.0,1,8.0,7,1,2,0.0,0.0
187,NZ vs IND,T20I no. 1031,Ravindra Jadeja,2.0,0.0,18.0,1,9.0,2,1,1,0.0,0.0
188,NZ vs IND,T20I no. 1034,Shardul Thakur,2.0,0.0,21.0,1,10.5,8,2,2,1.0,0.0
189,NZ vs IND,T20I no. 1034,Mohammed Shami,4.0,0.0,22.0,0,5.5,11,2,0,0.0,0.0
190,NZ vs IND,T20I no. 1034,Jasprit Bumrah,4.0,0.0,21.0,1,5.25,9,0,1,0.0,0.0
191,NZ vs IND,T20I no. 1034,Yuzvendra Chahal,4.0,0.0,33.0,0,8.25,5,2,1,0.0,0.0
192,NZ vs IND,T20I no. 1034,Shivam Dube,2.0,0.0,16.0,1,8.0,4,1,1,0.0,0.0
193,NZ vs IND,T20I no. 1034,Ravindra Jadeja,4.0,0.0,18.0,2,4.5,9,0,0,2.0,0.0
194,NZ vs IND,T20I no. 1035,Shardul Thakur,3.0,0.0,21.0,2,7.0,10,1,2,0.0,0.0
195,NZ vs IND,T20I no. 1035,Mohammed Shami,4.0,0.0,32.0,2,8.0,9,2,2,0.0,0.0
196,NZ vs IND,T20I no. 1035,Jasprit Bumrah,4.0,0.0,45.0,0,11.25,8,6,2,0.0,0.0
197,NZ vs IND,T20I no. 1035,Yuzvendra Chahal,4.0,0.0,36.0,1,9.0,8,4,1,0.0,0.0
198,NZ vs IND,T20I no. 1035,Ravindra Jadeja,4.0,0.0,23.0,1,5.75,11,0,2,0.0,0.0
199,NZ vs IND,T20I no. 1035,Shivam Dube,1.0,0.0,14.0,0,14.0,0,1,1,0.0,0.0
200,NZ vs IND,T20I no. 1036,Shardul Thakur,4.0,0.0,33.0,2,8.25,9,4,1,1.0,0.0
201,NZ vs IND,T20I no. 1036,Navdeep Saini,4.0,0.0,29.0,0,7.25,12,3,1,1.0,0.0
202,NZ vs IND,T20I no. 1036,Jasprit Bumrah,4.0,0.0,20.0,1,5.0,11,2,0,0.0,0.0
203,NZ vs IND,T20I no. 1036,Yuzvendra Chahal,4.0,0.0,38.0,1,9.5,4,1,2,1.0,0.0
204,NZ vs IND,T20I no. 1036,Washington Sundar,2.0,0.0,24.0,0,12.0,3,3,1,0.0,0.0
205,NZ vs IND,T20I no. 1036,Shivam Dube,2.0,0.0,14.0,0,7.0,3,0,1,0.0,0.0
206,NZ vs IND,T20I no. 1037,Washington Sundar,3.0,0.0,20.0,1,6.66,9,2,1,0.0,0.0
207,NZ vs IND,T20I no. 1037,Jasprit Bumrah,4.0,1.0,12.0,3,3.0,16,1,0,0.0,0.0
208,NZ vs IND,T20I no. 1037,Navdeep Saini,4.0,0.0,23.0,2,5.75,14,4,0,0.0,0.0
209,NZ vs IND,T20I no. 1037,Shardul Thakur,4.0,0.0,38.0,2,9.5,8,3,2,2.0,0.0
210,NZ vs IND,T20I no. 1037,Yuzvendra Chahal,4.0,0.0,28.0,0,7.0,7,1,1,1.0,0.0
211,NZ vs IND,T20I no. 1037,Shivam Dube,1.0,0.0,34.0,0,34.0,0,2,4,0.0,1.0
212,AUS vs IND,T20I no. 1114,Deepak Chahar,4.0,0.0,29.0,1,7.25,10,3,1,0.0,0.0
213,AUS vs IND,T20I no. 1114,Washington Sundar,4.0,0.0,16.0,0,4.0,13,1,0,0.0,0.0
214,AUS vs IND,T20I no. 1114,Mohammed Shami,4.0,0.0,46.0,0,11.5,7,4,3,0.0,0.0
215,AUS vs IND,T20I no. 1114,T Natarajan,4.0,0.0,30.0,3,7.5,7,1,1,0.0,0.0
216,AUS vs IND,T20I no. 1114,Yuzvendra Chahal,4.0,0.0,25.0,3,6.25,7,1,0,1.0,0.0
217,AUS vs IND,T20I no. 1115,Deepak Chahar,4.0,0.0,48.0,0,12.0,6,5,1,2.0,0.0
218,AUS vs IND,T20I no. 1115,Washington Sundar,4.0,0.0,35.0,0,8.75,7,3,1,1.0,0.0
219,AUS vs IND,T20I no. 1115,Shardul Thakur,4.0,0.0,39.0,1,9.75,7,6,0,1.0,0.0
220,AUS vs IND,T20I no. 1115,T Natarajan,4.0,0.0,20.0,2,5.0,8,1,0,0.0,0.0
221,AUS vs IND,T20I no. 1115,Yuzvendra Chahal,4.0,0.0,51.0,1,12.75,5,0,5,1.0,0.0
222,AUS vs IND,T20I no. 1116,Deepak Chahar,4.0,0.0,34.0,0,8.5,8,4,0,1.0,0.0
223,AUS vs IND,T20I no. 1116,Washington Sundar,4.0,0.0,34.0,2,8.5,9,4,0,1.0,0.0
224,AUS vs IND,T20I no. 1116,T Natarajan,4.0,0.0,33.0,1,8.25,8,3,0,2.0,0.0
225,AUS vs IND,T20I no. 1116,Yuzvendra Chahal,4.0,0.0,41.0,0,10.25,3,1,2,2.0,1.0
226,AUS vs IND,T20I no. 1116,Shardul Thakur,4.0,0.0,43.0,1,10.75,6,2,3,0.0,0.0
227,IND vs ENG,T20I no. 1131,Axar Patel,3.0,0.0,24.0,0,8.0,9,1,2,0.0,0.0
228,IND vs ENG,T20I no. 1131,Bhuvneshwar Kumar,2.0,0.0,15.0,0,7.5,6,2,0,0.0,0.0
229,IND vs ENG,T20I no. 1131,Yuzvendra Chahal,4.0,0.0,44.0,1,11.0,7,2,4,0.0,0.0
230,IND vs ENG,T20I no. 1131,Shardul Thakur,2.0,0.0,16.0,0,8.0,3,1,0,2.0,0.0
231,IND vs ENG,T20I no. 1131,Hardik Pandya,2.0,0.0,13.0,0,6.5,5,2,0,0.0,0.0
232,IND vs ENG,T20I no. 1131,Washington Sundar,2.3,0.0,18.0,1,7.2,5,1,1,0.0,0.0
233,IND vs ENG,T20I no. 1132,Bhuvneshwar Kumar,4.0,0.0,28.0,1,7.0,10,3,0,1.0,0.0
234,IND vs ENG,T20I no. 1132,Washington Sundar,4.0,0.0,29.0,2,7.25,11,2,2,0.0,0.0
235,IND vs ENG,T20I no. 1132,Shardul Thakur,4.0,0.0,29.0,2,7.25,10,4,0,1.0,0.0
236,IND vs ENG,T20I no. 1132,Hardik Pandya,4.0,0.0,33.0,0,8.25,4,2,0,1.0,0.0
237,IND vs ENG,T20I no. 1132,Yuzvendra Chahal,4.0,0.0,34.0,1,8.5,9,4,1,2.0,0.0
238,IND vs ENG,T20I no. 1133,Bhuvneshwar Kumar,4.0,0.0,27.0,0,6.75,10,3,0,0.0,0.0
239,IND vs ENG,T20I no. 1133,Shardul Thakur,3.2,0.0,36.0,0,10.8,7,5,1,1.0,0.0
240,IND vs ENG,T20I no. 1133,Yuzvendra Chahal,4.0,0.0,41.0,1,10.25,6,3,2,0.0,0.0
241,IND vs ENG,T20I no. 1133,Hardik Pandya,3.0,0.0,22.0,0,7.33,3,0,1,1.0,0.0
242,IND vs ENG,T20I no. 1133,Washington Sundar,4.0,0.0,26.0,1,6.5,7,1,1,0.0,0.0
243,IND vs ENG,T20I no. 1135,Bhuvneshwar Kumar,4.0,1.0,30.0,1,7.5,12,3,1,1.0,0.0
244,IND vs ENG,T20I no. 1135,Hardik Pandya,4.0,0.0,16.0,2,4.0,13,1,0,0.0,0.0
245,IND vs ENG,T20I no. 1135,Shardul Thakur,4.0,0.0,42.0,3,10.5,9,4,2,2.0,0.0
246,IND vs ENG,T20I no. 1135,Washington Sundar,4.0,0.0,52.0,0,13.0,5,5,3,0.0,0.0
247,IND vs ENG,T20I no. 1135,Rahul Chahar,4.0,0.0,35.0,2,8.75,7,2,2,1.0,0.0
248,IND vs ENG,T20I no. 1138,Bhuvneshwar Kumar,4.0,0.0,15.0,2,3.75,17,1,0,4.0,0.0
249,IND vs ENG,T20I no. 1138,Hardik Pandya,4.0,0.0,34.0,1,8.5,9,3,1,4.0,0.0
250,IND vs ENG,T20I no. 1138,Washington Sundar,1.0,0.0,13.0,0,13.0,0,2,0,0.0,0.0
251,IND vs ENG,T20I no. 1138,Shardul Thakur,4.0,0.0,45.0,3,11.25,10,3,4,0.0,0.0
252,IND vs ENG,T20I no. 1138,T Natarajan,4.0,0.0,39.0,1,9.75,7,5,1,0.0,0.0
253,IND vs ENG,T20I no. 1138,Rahul Chahar,3.0,0.0,33.0,0,11.0,4,0,3,3.0,0.0
254,SL vs IND,T20I no. 1204,Bhuvneshwar Kumar,3.3,0.0,22.0,4,6.28,10,1,1,2.0,0.0
255,SL vs IND,T20I no. 1204,Deepak Chahar,3.0,0.0,24.0,2,8.0,9,4,0,1.0,0.0
256,SL vs IND,T20I no. 1204,Krunal Pandya,2.0,0.0,16.0,1,8.0,3,1,0,1.0,0.0
257,SL vs IND,T20I no. 1204,Varun Chakravarthy,4.0,0.0,28.0,1,7.0,9,1,2,0.0,0.0
258,SL vs IND,T20I no. 1204,Yuzvendra Chahal,4.0,0.0,19.0,1,4.75,10,1,0,1.0,0.0
259,SL vs IND,T20I no. 1204,Hardik Pandya,2.0,0.0,17.0,1,8.5,5,1,1,0.0,0.0
260,SL vs IND,T20I no. 1206,Bhuvneshwar Kumar,4.0,0.0,21.0,1,5.25,11,0,1,0.0,0.0
261,SL vs IND,T20I no. 1206,Chetan Sakariya,3.4,0.0,34.0,1,9.27,8,5,0,1.0,0.0
262,SL vs IND,T20I no. 1206,Varun Chakravarthy,4.0,0.0,18.0,1,4.5,10,1,0,0.0,0.0
263,SL vs IND,T20I no. 1206,Rahul Chahar,4.0,0.0,27.0,1,6.75,8,3,0,0.0,0.0
264,SL vs IND,T20I no. 1206,Kuldeep Yadav,4.0,0.0,30.0,2,7.5,6,1,1,1.0,0.0
265,SL vs IND,T20I no. 1207,Bhuvneshwar Kumar,2.0,0.0,9.0,0,4.5,8,0,0,2.0,0.0
266,SL vs IND,T20I no. 1207,Varun Chakravarthy,3.3,0.0,15.0,0,4.28,10,1,0,1.0,0.0
267,SL vs IND,T20I no. 1207,Sandeep Warrier,3.0,0.0,23.0,0,7.66,8,2,0,1.0,0.0
268,SL vs IND,T20I no. 1207,Rahul Chahar,4.0,0.0,15.0,3,3.75,13,1,0,0.0,0.0
269,SL vs IND,T20I no. 1207,Kuldeep Yadav,2.0,0.0,16.0,0,8.0,3,1,0,1.0,0.0
270,IND vs PAK,T20I no. 1361,Bhuvneshwar Kumar,3.0,0.0,25.0,0,8.33,7,1,1,3.0,0.0
271,IND vs PAK,T20I no. 1361,Mohammed Shami,3.5,0.0,43.0,0,11.21,5,6,1,0.0,0.0
272,IND vs PAK,T20I no. 1361,Jasprit Bumrah,3.0,0.0,22.0,0,7.33,7,2,0,0.0,0.0
273,IND vs PAK,T20I no. 1361,Varun Chakravarthy,4.0,0.0,33.0,0,8.25,6,1,2,1.0,0.0
274,IND vs PAK,T20I no. 1361,Ravindra Jadeja,4.0,0.0,28.0,0,7.0,8,2,1,0.0,0.0
275,IND vs NZ,T20I no. 1381,Varun Chakravarthy,4.0,0.0,23.0,0,5.75,9,2,0,0.0,0.0
276,IND vs NZ,T20I no. 1381,Jasprit Bumrah,4.0,0.0,19.0,2,4.75,15,1,0,3.0,0.0
277,IND vs NZ,T20I no. 1381,Ravindra Jadeja,2.0,0.0,23.0,0,11.5,4,3,1,0.0,0.0
278,IND vs NZ,T20I no. 1381,Mohammed Shami,1.0,0.0,11.0,0,11.0,1,0,1,1.0,0.0
279,IND vs NZ,T20I no. 1381,Shardul Thakur,1.3,0.0,17.0,0,11.33,3,2,1,0.0,0.0
280,IND vs NZ,T20I no. 1381,Hardik Pandya,2.0,0.0,17.0,0,8.5,2,2,0,1.0,0.0
281,AFG vs IND 33rd match,T20I no. 1390,Mohammed Shami,4.0,0.0,32.0,3,8.0,13,3,2,1.0,0.0
282,AFG vs IND 33rd match,T20I no. 1390,Jasprit Bumrah,,4.0,0.0,1,25.0,13,2,1,6.25,2.0
283,AFG vs IND 33rd match,T20I no. 1390,Hardik Pandya,0.0,,2.0,0,0.0,3,3,1,23.0,11.5
284,AFG vs IND 33rd match,T20I no. 1390,Ravindra Jadeja,0.0,0.0,,1,3.0,8,1,1,0.0,19.0
285,AFG vs IND 33rd match,T20I no. 1390,Ravichandran Ashwin,6.33,0.0,0.0,2,,12,0,0,4.0,0.0
286,AFG vs IND 33rd match,T20I no. 1390,Shardul Thakur,14.0,3.5,1.0,0,0.0,2,1,2,,3.0
287,IND vs SCO,T20I no. 1396,Jasprit Bumrah,3.4,1.0,10.0,2,2.72,17,0,1,0.0,0.0
288,IND vs SCO,T20I no. 1396,Varun Chakravarthy,3.0,0.0,15.0,0,5.0,10,2,0,0.0,0.0
289,IND vs SCO,T20I no. 1396,Ravichandran Ashwin,4.0,0.0,29.0,1,7.25,11,4,0,2.0,0.0
290,IND vs SCO,T20I no. 1396,Mohammed Shami,3.0,1.0,15.0,3,5.0,11,1,1,0.0,0.0
291,IND vs SCO,T20I no. 1396,Ravindra Jadeja,4.0,0.0,15.0,3,3.75,12,1,0,0.0,0.0
292,IND vs NAM,T20I no. 1410,Mohammed Shami,4.0,0.0,39.0,0,9.75,9,1,2,2.0,0.0
293,IND vs NAM,T20I no. 1410,Jasprit Bumrah,4.0,0.0,19.0,2,4.75,14,2,0,1.0,0.0
294,IND vs NAM,T20I no. 1410,Ravichandran Ashwin,4.0,0.0,20.0,3,5.0,13,0,0,1.0,0.0
295,IND vs NAM,T20I no. 1410,Ravindra Jadeja,4.0,0.0,16.0,3,4.0,13,1,0,0.0,0.0
296,IND vs NAM,T20I no. 1410,Rahul Chahar,4.0,0.0,30.0,0,7.5,9,4,0,0.0,1.0
297,IND vs NZ,T20I no. 1434,Bhuvneshwar Kumar,4.0,0.0,24.0,2,6.0,13,2,1,1.0,0.0
298,IND vs NZ,T20I no. 1434,Deepak Chahar,4.0,0.0,42.0,1,10.5,8,4,2,0.0,0.0
299,IND vs NZ,T20I no. 1434,Mohammed Siraj,4.0,0.0,39.0,1,9.75,6,2,2,1.0,0.0
300,IND vs NZ,T20I no. 1434,Ravichandran Ashwin,4.0,0.0,23.0,2,5.75,10,2,0,0.0,0.0
301,IND vs NZ,T20I no. 1434,Axar Patel,4.0,0.0,31.0,0,7.75,7,2,1,1.0,0.0
302,IND vs NZ,T20I no. 1440,Bhuvneshwar Kumar,4.0,0.0,39.0,1,9.75,10,4,2,1.0,0.0
303,IND vs NZ,T20I no. 1440,Deepak Chahar,4.0,0.0,42.0,1,10.5,7,3,2,0.0,0.0
304,IND vs NZ,T20I no. 1440,Axar Patel,4.0,0.0,26.0,1,6.5,7,2,0,1.0,0.0
305,IND vs NZ,T20I no. 1440,Ravichandran Ashwin,4.0,0.0,19.0,1,4.75,10,1,0,2.0,0.0
306,IND vs NZ,T20I no. 1440,Harshal Patel,4.0,0.0,25.0,2,6.25,13,1,1,0.0,1.0
307,IND vs NZ,T20I no. 1446,Bhuvneshwar Kumar,2.0,0.0,12.0,0,6.0,8,1,1,0.0,0.0
308,IND vs NZ,T20I no. 1446,Deepak Chahar,2.2,0.0,26.0,1,11.14,5,4,1,0.0,0.0
309,IND vs NZ,T20I no. 1446,Axar Patel,3.0,0.0,9.0,3,3.0,13,1,0,0.0,0.0
310,IND vs NZ,T20I no. 1446,Yuzvendra Chahal,4.0,0.0,26.0,1,6.5,14,2,2,0.0,0.0
311,IND vs NZ,T20I no. 1446,Venkatesh Iyer,3.0,0.0,12.0,1,4.0,8,0,0,0.0,0.0
312,IND vs NZ,T20I no. 1446,Harshal Patel,3.0,0.0,26.0,2,8.66,8,0,3,1.0,0.0
313,IND vs WI,T20I no. 1467,Bhuvneshwar Kumar,4.0,0.0,31.0,1,7.75,13,4,1,1.0,0.0
314,IND vs WI,T20I no. 1467,Deepak Chahar,3.0,0.0,28.0,1,9.33,9,3,2,0.0,0.0
315,IND vs WI,T20I no. 1467,Harshal Patel,4.0,0.0,37.0,2,9.25,9,4,1,3.0,0.0
316,IND vs WI,T20I no. 1467,Yuzvendra Chahal,4.0,0.0,34.0,1,8.5,12,2,3,1.0,0.0
317,IND vs WI,T20I no. 1467,Ravi Bishnoi,4.0,0.0,17.0,2,4.25,17,1,0,6.0,0.0
318,IND vs WI,T20I no. 1467,Venkatesh Iyer,1.0,0.0,4.0,0,4.0,2,0,0,0.0,0.0
319,IND vs WI,T20I no. 1473,Bhuvneshwar Kumar,4.0,0.0,29.0,1,7.25,9,2,0,2.0,0.0
320,IND vs WI,T20I no. 1473,Deepak Chahar,4.0,0.0,40.0,0,10.0,8,3,3,0.0,0.0
321,IND vs WI,T20I no. 1473,Yuzvendra Chahal,4.0,0.0,31.0,1,7.75,6,2,1,2.0,0.0
322,IND vs WI,T20I no. 1473,Harshal Patel,4.0,0.0,46.0,0,11.5,4,3,3,1.0,0.0
323,IND vs WI,T20I no. 1473,Ravi Bishnoi,4.0,0.0,30.0,1,7.5,9,2,1,2.0,0.0
324,IND vs WI,T20I no. 1479,Deepak Chahar,1.5,0.0,15.0,2,8.18,6,3,0,0.0,0.0
325,IND vs WI,T20I no. 1479,Avesh Khan,4.0,0.0,42.0,0,10.5,10,5,2,1.0,0.0
326,IND vs WI,T20I no. 1479,Venkatesh Iyer,2.1,0.0,23.0,2,10.61,5,3,1,0.0,0.0
327,IND vs WI,T20I no. 1479,Shardul Thakur,4.0,0.0,33.0,2,8.25,12,4,1,3.0,0.0
328,IND vs WI,T20I no. 1479,Ravi Bishnoi,4.0,0.0,29.0,0,7.25,12,1,2,2.0,0.0
329,IND vs WI,T20I no. 1479,Harshal Patel,4.0,0.0,22.0,3,5.5,13,3,0,1.0,0.0
330,IND vs SL,T20I no. 1492,Bhuvneshwar Kumar,2.0,0.0,9.0,2,4.5,7,1,0,0.0,0.0
331,IND vs SL,T20I no. 1492,Jasprit Bumrah,3.0,0.0,19.0,0,6.33,7,2,0,0.0,0.0
332,IND vs SL,T20I no. 1492,Harshal Patel,2.0,0.0,10.0,0,5.0,4,0,0,0.0,0.0
333,IND vs SL,T20I no. 1492,Yuzvendra Chahal,3.0,0.0,11.0,1,3.66,8,0,0,0.0,0.0
334,IND vs SL,T20I no. 1492,Venkatesh Iyer,3.0,0.0,36.0,2,12.0,4,3,2,1.0,0.0
335,IND vs SL,T20I no. 1492,Ravindra Jadeja,4.0,0.0,28.0,1,7.0,9,2,1,0.0,0.0
336,IND vs SL,T20I no. 1492,Deepak Hooda,3.0,0.0,24.0,0,8.0,6,1,1,1.0,0.0
337,IND vs SL,T20I no. 1493,Bhuvneshwar Kumar,4.0,0.0,36.0,1,9.0,8,4,1,1.0,0.0
338,IND vs SL,T20I no. 1493,Jasprit Bumrah,4.0,0.0,24.0,1,6.0,14,4,0,2.0,0.0
339,IND vs SL,T20I no. 1493,Harshal Patel,4.0,0.0,52.0,1,13.0,7,4,4,1.0,0.0
340,IND vs SL,T20I no. 1493,Yuzvendra Chahal,4.0,0.0,27.0,1,6.75,7,3,0,0.0,0.0
341,IND vs SL,T20I no. 1493,Ravindra Jadeja,4.0,0.0,37.0,1,9.25,8,3,2,0.0,0.0
342,IND vs SL,T20I no. 1494,Mohammed Siraj,4.0,0.0,22.0,1,5.5,13,3,0,0.0,0.0
343,IND vs SL,T20I no. 1494,Avesh Khan,4.0,1.0,23.0,2,5.75,15,2,1,2.0,0.0
344,IND vs SL,T20I no. 1494,Harshal Patel,4.0,0.0,29.0,1,7.25,9,2,1,1.0,0.0
345,IND vs SL,T20I no. 1494,Kuldeep Yadav,4.0,0.0,22.0,0,5.5,10,2,0,0.0,0.0
346,IND vs SL,T20I no. 1494,Ravi Bishnoi,4.0,0.0,32.0,1,8.0,6,3,0,2.0,0.0
347,IND vs SA,T20I no. 1554,Bhuvneshwar Kumar,4.0,0.0,43.0,1,10.75,10,4,3,1.0,0.0
348,IND vs SA,T20I no. 1554,Avesh Khan,4.0,0.0,35.0,0,8.75,10,5,0,2.0,1.0
349,IND vs SA,T20I no. 1554,Yuzvendra Chahal,2.1,0.0,26.0,0,12.0,4,4,1,0.0,0.0
350,IND vs SA,T20I no. 1554,Hardik Pandya,1.0,0.0,18.0,0,18.0,3,0,3,0.0,0.0
351,IND vs SA,T20I no. 1554,Harshal Patel,4.0,0.0,43.0,1,10.75,10,3,4,0.0,0.0
352,IND vs SA,T20I no. 1554,Axar Patel,4.0,0.0,40.0,1,10.0,3,1,3,0.0,0.0
353,IND vs SA,T20I no. 1569,Bhuvneshwar Kumar,4.0,0.0,13.0,4,3.25,17,2,0,0.0,0.0
354,IND vs SA,T20I no. 1569,Avesh Khan,3.0,0.0,17.0,0,5.66,11,3,0,0.0,0.0
355,IND vs SA,T20I no. 1569,Hardik Pandya,3.0,0.0,31.0,0,10.33,6,3,2,0.0,0.0
356,IND vs SA,T20I no. 1569,Yuzvendra Chahal,4.0,0.0,49.0,1,12.25,7,3,4,1.0,0.0
357,IND vs SA,T20I no. 1569,Harshal Patel,3.0,0.0,17.0,1,5.66,6,1,0,1.0,0.0
358,IND vs SA,T20I no. 1569,Axar Patel,1.0,0.0,19.0,0,19.0,0,2,1,0.0,0.0
359,IND vs SA,T20I no. 1569,Shreyas Iyer,0.2,0.0,2.0,0,6.0,1,0,0,0.0,0.0
360,IND vs SA,T20I no. 1571,Bhuvneshwar Kumar,4.0,0.0,21.0,1,5.25,10,2,0,0.0,0.0
361,IND vs SA,T20I no. 1571,Avesh Khan,4.0,0.0,35.0,0,8.75,9,4,1,0.0,0.0
362,IND vs SA,T20I no. 1571,Axar Patel,4.0,0.0,28.0,1,7.0,12,1,2,0.0,0.0
363,IND vs SA,T20I no. 1571,Yuzvendra Chahal,4.0,0.0,20.0,3,5.0,11,1,0,3.0,0.0
364,IND vs SA,T20I no. 1571,Harshal Patel,3.1,0.0,25.0,4,7.89,5,2,1,0.0,0.0
365,IND vs SA,T20I no. 1572,Bhuvneshwar Kumar,2.0,0.0,8.0,0,4.0,8,1,0,0.0,0.0
366,IND vs SA,T20I no. 1572,Hardik Pandya,1.0,0.0,12.0,0,12.0,1,2,0,0.0,0.0
367,IND vs SA,T20I no. 1572,Avesh Khan,4.0,0.0,18.0,4,4.5,15,2,0,0.0,0.0
368,IND vs SA,T20I no. 1572,Harshal Patel,2.0,0.0,3.0,1,1.5,9,0,0,0.0,0.0
369,IND vs SA,T20I no. 1572,Yuzvendra Chahal,4.0,0.0,21.0,2,5.25,12,1,1,1.0,0.0
370,IND vs SA,T20I no. 1572,Axar Patel,3.5,0.0,19.0,1,4.95,12,1,1,0.0,0.0
371,IRE vs IND,T20I no. 1580,Bhuvneshwar Kumar,3.0,1.0,16.0,1,5.33,11,1,1,0.0,0.0
372,IRE vs IND,T20I no. 1580,Hardik Pandya,2.0,0.0,26.0,1,13.0,5,2,2,1.0,0.0
373,IRE vs IND,T20I no. 1580,Avesh Khan,2.0,0.0,22.0,1,11.0,4,2,1,1.0,0.0
374,IRE vs IND,T20I no. 1580,Axar Patel,1.0,0.0,12.0,0,12.0,0,2,0,0.0,0.0
375,IRE vs IND,T20I no. 1580,Umran Malik,1.0,0.0,14.0,0,14.0,1,1,1,1.0,0.0
376,IRE vs IND,T20I no. 1580,Yuzvendra Chahal,3.0,0.0,11.0,1,3.66,7,0,0,0.0,0.0
377,IRE vs IND,T20I no. 1586,Bhuvneshwar Kumar,4.0,0.0,46.0,1,11.5,10,7,2,1.0,0.0
378,IRE vs IND,T20I no. 1586,Hardik Pandya,2.0,0.0,18.0,0,9.0,8,1,2,1.0,0.0
379,IRE vs IND,T20I no. 1586,Harshal Patel,4.0,0.0,54.0,1,13.5,9,2,6,1.0,1.0
380,IRE vs IND,T20I no. 1586,Ravi Bishnoi,4.0,0.0,41.0,1,10.25,9,4,2,2.0,1.0
381,IRE vs IND,T20I no. 1586,Umran Malik,4.0,0.0,42.0,1,10.5,10,4,2,3.0,2.0
382,IRE vs IND,T20I no. 1586,Axar Patel,2.0,0.0,12.0,0,6.0,3,1,0,0.0,0.0
383,ENG vs IND,T20I no. 1616,Bhuvneshwar Kumar,3.0,0.0,10.0,1,3.33,11,1,0,0.0,0.0
384,ENG vs IND,T20I no. 1616,Arshdeep Singh,3.3,1.0,18.0,2,5.14,13,2,0,2.0,0.0
385,ENG vs IND,T20I no. 1616,Hardik Pandya,4.0,0.0,33.0,4,8.25,10,3,1,1.0,0.0
386,ENG vs IND,T20I no. 1616,Harshal Patel,3.0,0.0,24.0,1,8.0,9,3,1,0.0,0.0
387,ENG vs IND,T20I no. 1616,Yuzvendra Chahal,4.0,0.0,32.0,2,8.0,9,2,2,0.0,0.0
388,ENG vs IND,T20I no. 1616,Axar Patel,2.0,0.0,23.0,0,11.5,2,2,1,1.0,0.0
389,ENG vs IND,T20I no. 1628,Bhuvneshwar Kumar,3.0,1.0,15.0,3,5.0,11,2,0,0.0,0.0
390,ENG vs IND,T20I no. 1628,Jasprit Bumrah,3.0,1.0,10.0,2,3.33,11,1,0,0.0,0.0
391,ENG vs IND,T20I no. 1628,Hardik Pandya,3.0,0.0,29.0,1,9.66,6,2,2,0.0,0.0
392,ENG vs IND,T20I no. 1628,Harshal Patel,4.0,0.0,34.0,1,8.5,11,5,1,1.0,0.0
393,ENG vs IND,T20I no. 1628,Yuzvendra Chahal,2.0,0.0,10.0,2,5.0,5,1,0,0.0,0.0
394,ENG vs IND,T20I no. 1628,Ravindra Jadeja,2.0,0.0,22.0,0,11.0,1,2,1,0.0,0.0
395,ENG vs IND,T20I no. 1631,Avesh Khan,4.0,0.0,43.0,1,10.75,12,2,3,1.0,1.0
396,ENG vs IND,T20I no. 1631,Umran Malik,4.0,0.0,56.0,1,14.0,7,6,3,3.0,0.0
397,ENG vs IND,T20I no. 1631,Ravi Bishnoi,4.0,0.0,30.0,2,7.5,11,2,1,0.0,1.0
398,ENG vs IND,T20I no. 1631,Ravindra Jadeja,4.0,0.0,45.0,0,11.25,7,2,4,1.0,0.0
399,ENG vs IND,T20I no. 1631,Harshal Patel,4.0,0.0,35.0,2,8.75,8,2,2,0.0,0.0
400,WI vs IND,T20I no. 1702,Bhuvneshwar Kumar,2.0,1.0,11.0,1,5.5,8,2,0,0.0,0.0
401,WI vs IND,T20I no. 1702,Arshdeep Singh,4.0,0.0,24.0,2,6.0,10,1,1,1.0,1.0
402,WI vs IND,T20I no. 1702,Ravindra Jadeja,4.0,0.0,26.0,1,6.5,12,3,1,0.0,0.0
403,WI vs IND,T20I no. 1702,Ravichandran Ashwin,4.0,0.0,22.0,2,5.5,13,0,2,0.0,0.0
404,WI vs IND,T20I no. 1702,Hardik Pandya,2.0,0.0,12.0,0,6.0,5,0,1,0.0,0.0
405,WI vs IND,T20I no. 1702,Ravi Bishnoi,4.0,0.0,26.0,2,6.5,12,2,1,2.0,1.0
406,WI vs IND,T20I no. 1718,Bhuvneshwar Kumar,2.0,0.0,12.0,0,6.0,6,2,0,0.0,0.0
407,WI vs IND,T20I no. 1718,Arshdeep Singh,4.0,0.0,26.0,1,6.5,10,3,0,0.0,1.0
408,WI vs IND,T20I no. 1718,Ravindra Jadeja,3.0,0.0,16.0,1,5.33,8,1,0,0.0,0.0
409,WI vs IND,T20I no. 1718,Ravichandran Ashwin,4.0,0.0,32.0,1,8.0,7,3,1,0.0,0.0
410,WI vs IND,T20I no. 1718,Hardik Pandya,4.0,0.0,22.0,1,5.5,11,1,1,1.0,0.0
411,WI vs IND,T20I no. 1718,Avesh Khan,2.2,0.0,31.0,1,13.28,6,2,3,0.0,1.0
412,WI vs IND,T20I no. 1720,Deepak Hooda,1.0,0.0,1.0,0,1.0,5,0,0,0.0,0.0
413,WI vs IND,T20I no. 1720,Bhuvneshwar Kumar,4.0,0.0,35.0,2,8.75,11,3,2,0.0,0.0
414,WI vs IND,T20I no. 1720,Avesh Khan,3.0,0.0,47.0,0,15.66,2,4,3,2.0,0.0
415,WI vs IND,T20I no. 1720,Hardik Pandya,4.0,0.0,19.0,1,4.75,13,1,1,0.0,0.0
416,WI vs IND,T20I no. 1720,Arshdeep Singh,4.0,0.0,33.0,1,8.25,8,4,1,0.0,0.0
417,WI vs IND,T20I no. 1720,Ravichandran Ashwin,4.0,0.0,26.0,0,6.5,12,3,1,0.0,0.0
418,IND vs WI,T20I no. 1725,Bhuvneshwar Kumar,3.0,0.0,21.0,0,7.0,8,3,0,1.0,0.0
419,IND vs WI,T20I no. 1725,Avesh Khan,4.0,0.0,17.0,2,4.25,14,2,0,1.0,0.0
420,IND vs WI,T20I no. 1725,Axar Patel,4.0,0.0,48.0,2,12.0,11,2,5,3.0,0.0
421,IND vs WI,T20I no. 1725,Arshdeep Singh,3.1,0.0,12.0,3,3.78,13,2,0,0.0,0.0
422,IND vs WI,T20I no. 1725,Ravi Bishnoi,4.0,0.0,27.0,2,6.75,14,2,2,0.0,0.0
423,IND vs WI,T20I no. 1725,Deepak Hooda,1.0,0.0,4.0,0,4.0,2,0,0,0.0,0.0
424,IND vs WI,T20I no. 1726,Axar Patel,3.0,1.0,15.0,3,5.0,13,3,0,1.0,0.0
425,IND vs WI,T20I no. 1726,Arshdeep Singh,2.0,0.0,18.0,0,9.0,3,3,0,0.0,0.0
426,IND vs WI,T20I no. 1726,Avesh Khan,2.0,0.0,20.0,0,10.0,6,1,2,1.0,0.0
427,IND vs WI,T20I no. 1726,Hardik Pandya,2.0,0.0,19.0,0,9.5,3,0,2,0.0,0.0
428,IND vs WI,T20I no. 1726,Kuldeep Yadav,4.0,1.0,12.0,3,3.0,16,1,0,0.0,0.0
429,IND vs WI,T20I no. 1726,Ravi Bishnoi,2.4,0.0,16.0,4,6.0,12,2,0,2.0,0.0
430,IND vs PAK,T20I no. 1750,Bhuvneshwar Kumar,4.0,0.0,26.0,4,6.5,13,3,1,0.0,0.0
431,IND vs PAK,T20I no. 1750,Arshdeep Singh,3.5,0.0,33.0,2,8.6,13,4,1,2.0,0.0
432,IND vs PAK,T20I no. 1750,Hardik Pandya,4.0,0.0,25.0,3,6.25,10,2,0,2.0,0.0
433,IND vs PAK,T20I no. 1750,Avesh Khan,2.0,0.0,19.0,1,9.5,4,2,1,0.0,0.0
434,IND vs PAK,T20I no. 1750,Yuzvendra Chahal,4.0,0.0,32.0,0,8.0,4,1,1,0.0,0.0
435,IND vs PAK,T20I no. 1750,Ravindra Jadeja,2.0,0.0,11.0,0,5.5,4,1,0,0.0,0.0
436,HKG vs IND,T20I no. 1754,Bhuvneshwar Kumar,3.0,0.0,15.0,1,5.0,11,0,1,1.0,0.0
437,HKG vs IND,T20I no. 1754,Arshdeep Singh,4.0,0.0,44.0,1,11.0,7,8,0,0.0,2.0
438,HKG vs IND,T20I no. 1754,Ravindra Jadeja,4.0,0.0,15.0,1,3.75,12,0,0,2.0,0.0
439,HKG vs IND,T20I no. 1754,Avesh Khan,4.0,0.0,53.0,1,13.25,7,5,4,0.0,0.0
440,HKG vs IND,T20I no. 1754,Yuzvendra Chahal,4.0,0.0,18.0,0,4.5,11,1,0,0.0,0.0
441,HKG vs IND,T20I no. 1754,Virat Kohli,1.0,0.0,6.0,0,6.0,1,0,0,0.0,0.0
442,IND vs PAK,T20I no. 1758,Bhuvneshwar Kumar,4.0,0.0,40.0,1,10.0,8,5,1,2.0,0.0
443,IND vs PAK,T20I no. 1758,Arshdeep Singh,3.5,0.0,27.0,1,7.04,10,2,1,0.0,0.0
444,IND vs PAK,T20I no. 1758,Ravi Bishnoi,4.0,0.0,26.0,1,6.5,8,0,1,3.0,0.0
445,IND vs PAK,T20I no. 1758,Hardik Pandya,4.0,0.0,44.0,1,11.0,6,6,1,1.0,0.0
446,IND vs PAK,T20I no. 1758,Yuzvendra Chahal,4.0,0.0,43.0,1,10.75,6,6,1,0.0,0.0
447,IND vs SL,T20I no. 1759,Bhuvneshwar Kumar,4.0,0.0,30.0,0,7.5,8,4,0,2.0,0.0
448,IND vs SL,T20I no. 1759,Arshdeep Singh,3.5,0.0,40.0,0,10.43,4,4,1,0.0,0.0
449,IND vs SL,T20I no. 1759,Hardik Pandya,4.0,0.0,35.0,0,8.75,6,2,2,0.0,0.0
450,IND vs SL,T20I no. 1759,Yuzvendra Chahal,4.0,0.0,34.0,3,8.5,9,1,3,1.0,0.0
451,IND vs SL,T20I no. 1759,Ravichandran Ashwin,4.0,0.0,32.0,1,8.0,6,1,2,0.0,0.0
452,AFG vs IND,T20I no. 1761,Bhuvneshwar Kumar,4.0,1.0,4.0,5,1.0,20,0,0,0.0,0.0
453,AFG vs IND,T20I no. 1761,Deepak Chahar,4.0,0.0,28.0,0,7.0,8,3,0,0.0,0.0
454,AFG vs IND,T20I no. 1761,Arshdeep Singh,2.0,0.0,7.0,1,3.5,8,1,0,0.0,0.0
455,AFG vs IND,T20I no. 1761,Axar Patel,4.0,0.0,24.0,0,6.0,10,3,0,0.0,0.0
456,AFG vs IND,T20I no. 1761,Ravichandran Ashwin,4.0,0.0,27.0,1,6.75,13,2,1,3.0,0.0
457,AFG vs IND,T20I no. 1761,Deepak Hooda,1.0,0.0,3.0,1,3.0,3,0,0,0.0,0.0
458,AFG vs IND,T20I no. 1761,Dinesh Karthik,1.0,0.0,18.0,0,18.0,1,0,2,0.0,0.0
459,IND vs AUS,T20I no. 1788,Bhuvneshwar Kumar,4.0,0.0,52.0,0,13.0,7,8,1,4.0,0.0
460,IND vs AUS,T20I no. 1788,Umesh Yadav,2.0,0.0,27.0,2,13.5,5,5,1,0.0,0.0
461,IND vs AUS,T20I no. 1788,Axar Patel,4.0,0.0,17.0,3,4.25,12,0,1,0.0,0.0
462,IND vs AUS,T20I no. 1788,Yuzvendra Chahal,3.2,0.0,42.0,1,12.6,5,5,2,1.0,0.0
463,IND vs AUS,T20I no. 1788,Harshal Patel,4.0,0.0,49.0,0,12.25,7,3,4,1.0,0.0
464,IND vs AUS,T20I no. 1788,Hardik Pandya,2.0,0.0,22.0,0,11.0,2,4,0,0.0,0.0
465,IND vs AUS,T20I no. 1794,Hardik Pandya,1.0,0.0,10.0,0,10.0,2,2,0,0.0,0.0
466,IND vs AUS,T20I no. 1794,Axar Patel,2.0,0.0,13.0,2,6.5,8,3,0,0.0,0.0
467,IND vs AUS,T20I no. 1794,Yuzvendra Chahal,1.0,0.0,12.0,0,12.0,0,0,1,0.0,0.0
468,IND vs AUS,T20I no. 1794,Jasprit Bumrah,2.0,0.0,23.0,1,11.5,1,3,0,1.0,0.0
469,IND vs AUS,T20I no. 1794,Harshal Patel,2.0,0.0,32.0,0,16.0,2,2,3,0.0,0.0
470,IND vs AUS,T20I no. 1796,Bhuvneshwar Kumar,3.0,0.0,39.0,1,13.0,6,2,3,2.0,0.0
471,IND vs AUS,T20I no. 1796,Axar Patel,4.0,0.0,33.0,3,8.25,12,7,0,0.0,0.0
472,IND vs AUS,T20I no. 1796,Jasprit Bumrah,4.0,0.0,50.0,0,12.5,5,3,3,0.0,0.0
473,IND vs AUS,T20I no. 1796,Hardik Pandya,3.0,0.0,23.0,0,7.66,10,3,1,0.0,0.0
474,IND vs AUS,T20I no. 1796,Yuzvendra Chahal,4.0,0.0,22.0,1,5.5,8,1,0,0.0,0.0
475,IND vs AUS,T20I no. 1796,Harshal Patel,2.0,0.0,18.0,1,9.0,7,0,2,1.0,1.0
476,IND vs SA,T20I no. 1800,Deepak Chahar,4.0,0.0,24.0,2,6.0,14,1,2,0.0,0.0
477,IND vs SA,T20I no. 1800,Arshdeep Singh,4.0,0.0,32.0,3,8.0,14,4,1,2.0,0.0
478,IND vs SA,T20I no. 1800,Ravichandran Ashwin,4.0,1.0,8.0,0,2.0,16,0,0,0.0,0.0
479,IND vs SA,T20I no. 1800,Harshal Patel,4.0,0.0,26.0,2,6.5,11,2,1,2.0,0.0
480,IND vs SA,T20I no. 1800,Axar Patel,4.0,0.0,16.0,1,4.0,15,2,0,1.0,0.0
481,IND vs SA,T20I no. 1803,Deepak Chahar,4.0,1.0,24.0,0,6.0,12,3,0,1.0,0.0
482,IND vs SA,T20I no. 1803,Arshdeep Singh,,4.0,0.0,2,62.0,5,4,4,15.5,2.0
483,IND vs SA,T20I no. 1803,Ravichandran Ashwin,3.0,,4.0,0,0.0,7,2,2,37.0,9.25
484,IND vs SA,T20I no. 1803,Axar Patel,4.0,0.0,,1,4.0,5,2,5,0.0,53.0
485,IND vs SA,T20I no. 1803,Harshal Patel,13.25,0.0,0.0,0,,2,4,1,4.0,0.0
486,IND vs SA,T20I no. 1805,Deepak Chahar,4.0,0.0,48.0,1,12.0,11,1,5,3.0,1.0
487,IND vs SA,T20I no. 1805,Mohammed Siraj,4.0,0.0,44.0,0,11.0,7,4,2,1.0,1.0
488,IND vs SA,T20I no. 1805,Ravichandran Ashwin,4.0,0.0,35.0,0,8.75,7,1,3,0.0,0.0
489,IND vs SA,T20I no. 1805,Umesh Yadav,3.0,0.0,34.0,1,11.33,6,4,2,0.0,0.0
490,IND vs SA,T20I no. 1805,Harshal Patel,4.0,0.0,49.0,0,12.25,5,4,3,2.0,0.0
491,IND vs SA,T20I no. 1805,Axar Patel,1.0,0.0,13.0,0,13.0,1,1,1,0.0,0.0
492,IND vs PAK,T20I no. 1842,Bhuvneshwar Kumar,4.0,0.0,22.0,1,5.5,17,1,1,3.0,0.0
493,IND vs PAK,T20I no. 1842,Arshdeep Singh,4.0,0.0,32.0,3,8.0,10,3,1,1.0,0.0
494,IND vs PAK,T20I no. 1842,Mohammed Shami,4.0,0.0,25.0,1,6.25,14,4,0,1.0,0.0
495,IND vs PAK,T20I no. 1842,Hardik Pandya,4.0,0.0,30.0,3,7.5,10,4,0,0.0,0.0
496,IND vs PAK,T20I no. 1842,Ravichandran Ashwin,3.0,0.0,23.0,0,7.66,5,0,1,1.0,0.0
497,IND vs PAK,T20I no. 1842,Axar Patel,1.0,0.0,21.0,0,21.0,2,0,3,0.0,0.0
498,IND vs NET,T20I no. 1848,Bhuvneshwar Kumar,3.0,2.0,9.0,2,3.0,14,1,0,0.0,0.0
499,IND vs NET,T20I no. 1848,Arshdeep Singh,4.0,0.0,37.0,2,9.25,9,6,0,1.0,1.0
500,IND vs NET,T20I no. 1848,Mohammed Shami,4.0,0.0,27.0,1,6.75,10,2,0,0.0,0.0
501,IND vs NET,T20I no. 1848,Axar Patel,4.0,0.0,18.0,2,4.5,11,0,0,0.0,0.0
502,IND vs NET,T20I no. 1848,Hardik Pandya,1.0,0.0,9.0,0,9.0,1,0,0,1.0,0.0
503,IND vs NET,T20I no. 1848,Ravichandran Ashwin,4.0,0.0,21.0,2,5.25,13,1,1,1.0,0.0
504,IND vs SA,T20I no. 1853,Bhuvneshwar Kumar,3.4,0.0,21.0,0,5.72,13,2,1,0.0,0.0
505,IND vs SA,T20I no. 1853,Arshdeep Singh,4.0,0.0,25.0,2,6.25,13,4,0,1.0,0.0
506,IND vs SA,T20I no. 1853,Mohammed Shami,4.0,0.0,13.0,1,3.25,15,1,0,0.0,0.0
507,IND vs SA,T20I no. 1853,Hardik Pandya,4.0,0.0,29.0,1,7.25,8,3,0,0.0,0.0
508,IND vs SA,T20I no. 1853,Ravichandran Ashwin,4.0,0.0,43.0,1,10.75,5,1,4,0.0,0.0
509,BAN vs IND,T20I no. 1860,Bhuvneshwar Kumar,3.0,0.0,27.0,0,9.0,7,2,2,0.0,0.0
510,BAN vs IND,T20I no. 1860,Arshdeep Singh,4.0,0.0,38.0,2,9.5,10,5,1,0.0,0.0
511,BAN vs IND,T20I no. 1860,Mohammed Shami,3.0,0.0,25.0,1,8.33,7,2,1,0.0,0.0
512,BAN vs IND,T20I no. 1860,Axar Patel,1.0,0.0,6.0,0,6.0,2,0,0,0.0,0.0
513,BAN vs IND,T20I no. 1860,Ravichandran Ashwin,2.0,0.0,19.0,0,9.5,4,3,0,1.0,0.0
514,BAN vs IND,T20I no. 1860,Hardik Pandya,3.0,0.0,28.0,2,9.33,8,1,3,0.0,0.0
515,IND vs ZIM,T20I no. 1873,Bhuvneshwar Kumar,3.0,1.0,11.0,1,3.66,14,1,0,1.0,0.0
516,IND vs ZIM,T20I no. 1873,Arshdeep Singh,2.0,0.0,9.0,1,4.5,9,1,0,2.0,0.0
517,IND vs ZIM,T20I no. 1873,Mohammed Shami,2.0,0.0,14.0,2,7.0,7,1,1,0.0,0.0
518,IND vs ZIM,T20I no. 1873,Hardik Pandya,3.0,0.0,16.0,2,5.33,10,1,0,2.0,1.0
519,IND vs ZIM,T20I no. 1873,Ravichandran Ashwin,4.0,0.0,22.0,3,5.5,13,3,0,1.0,0.0
520,IND vs ZIM,T20I no. 1873,Axar Patel,3.2,0.0,40.0,1,12.0,4,5,1,0.0,0.0
521,ENG vs IND,T20I no. 1878,Bhuvneshwar Kumar,2.0,0.0,25.0,0,12.5,4,3,1,1.0,0.0
522,ENG vs IND,T20I no. 1878,Arshdeep Singh,2.0,0.0,15.0,0,7.5,4,2,0,1.0,0.0
523,ENG vs IND,T20I no. 1878,Axar Patel,4.0,0.0,30.0,0,7.5,10,2,2,0.0,0.0
524,ENG vs IND,T20I no. 1878,Mohammed Shami,3.0,0.0,39.0,0,13.0,7,4,3,0.0,0.0
525,ENG vs IND,T20I no. 1878,Ravichandran Ashwin,2.0,0.0,27.0,0,13.5,1,1,2,1.0,0.0
526,ENG vs IND,T20I no. 1878,Hardik Pandya,3.0,0.0,34.0,0,11.33,5,1,2,0.0,0.0
527,NZ vs IND,T20I no. 1898,Bhuvneshwar Kumar,3.0,0.0,12.0,1,4.0,10,1,0,0.0,0.0
528,NZ vs IND,T20I no. 1898,Arshdeep Singh,3.0,0.0,29.0,0,9.66,8,2,1,2.0,0.0
529,NZ vs IND,T20I no. 1898,Mohammed Siraj,4.0,1.0,24.0,2,6.0,13,2,1,1.0,0.0
530,NZ vs IND,T20I no. 1898,Washington Sundar,2.0,0.0,24.0,1,12.0,3,3,1,0.0,0.0
531,NZ vs IND,T20I no. 1898,Yuzvendra Chahal,4.0,0.0,26.0,2,6.5,6,0,1,0.0,0.0
532,NZ vs IND,T20I no. 1898,Deepak Hooda,2.5,0.0,10.0,4,3.52,8,0,0,0.0,0.0
533,NZ vs IND,T20I no. 1911,Bhuvneshwar Kumar,4.0,0.0,35.0,0,8.75,14,2,2,2.0,0.0
534,NZ vs IND,T20I no. 1911,Arshdeep Singh,4.0,0.0,37.0,4,9.25,14,6,1,1.0,1.0
535,NZ vs IND,T20I no. 1911,Mohammed Siraj,4.0,0.0,17.0,4,4.25,14,2,0,1.0,0.0
536,NZ vs IND,T20I no. 1911,Deepak Hooda,1.0,0.0,3.0,0,3.0,3,0,0,0.0,0.0
537,NZ vs IND,T20I no. 1911,Yuzvendra Chahal,3.0,0.0,35.0,0,11.66,4,4,1,0.0,0.0
538,NZ vs IND,T20I no. 1911,Harshal Patel,3.4,0.0,28.0,1,7.63,7,1,1,0.0,0.0
539,IND vs SL,T20I no. 1984,Hardik Pandya,3.0,0.0,12.0,0,4.0,13,2,0,1.0,0.0
540,IND vs SL,T20I no. 1984,Shivam Mavi,4.0,0.0,22.0,4,5.5,14,4,0,0.0,0.0
541,IND vs SL,T20I no. 1984,Umran Malik,4.0,0.0,27.0,2,6.75,12,3,1,1.0,0.0
542,IND vs SL,T20I no. 1984,Yuzvendra Chahal,2.0,0.0,26.0,0,13.0,2,0,3,0.0,0.0
543,IND vs SL,T20I no. 1984,Harshal Patel,4.0,0.0,41.0,2,10.25,9,3,2,1.0,1.0
544,IND vs SL,T20I no. 1984,Axar Patel,3.0,0.0,31.0,0,10.33,3,1,2,1.0,0.0
545,IND vs SL,T20I no. 1985,Hardik Pandya,2.0,0.0,13.0,0,6.5,7,0,1,1.0,0.0
546,IND vs SL,T20I no. 1985,Arshdeep Singh,2.0,0.0,37.0,0,18.5,4,3,2,0.0,5.0
547,IND vs SL,T20I no. 1985,Shivam Mavi,4.0,0.0,53.0,0,13.25,6,3,4,2.0,1.0
548,IND vs SL,T20I no. 1985,Axar Patel,4.0,0.0,24.0,2,6.0,9,1,1,0.0,0.0
549,IND vs SL,T20I no. 1985,Yuzvendra Chahal,4.0,0.0,30.0,1,7.5,5,0,2,0.0,0.0
550,IND vs SL,T20I no. 1985,Umran Malik,4.0,0.0,48.0,3,12.0,8,3,4,1.0,1.0
551,IND vs SL,T20I no. 1986,Hardik Pandya,4.0,0.0,30.0,2,7.5,13,2,2,2.0,0.0
552,IND vs SL,T20I no. 1986,Arshdeep Singh,2.4,0.0,20.0,3,7.5,9,3,0,4.0,0.0
553,IND vs SL,T20I no. 1986,Shivam Mavi,1.0,0.0,6.0,0,6.0,3,1,0,0.0,0.0
554,IND vs SL,T20I no. 1986,Axar Patel,3.0,0.0,19.0,1,6.33,8,1,1,1.0,0.0
555,IND vs SL,T20I no. 1986,Umran Malik,3.0,0.0,31.0,2,10.33,7,5,0,3.0,1.0
556,IND vs SL,T20I no. 1986,Yuzvendra Chahal,3.0,0.0,30.0,2,10.0,6,0,3,1.0,0.0
557,IND vs NZ,T20I no. 1990,Hardik Pandya,3.0,0.0,33.0,0,11.0,3,2,2,1.0,0.0
558,IND vs NZ,T20I no. 1990,Arshdeep Singh,4.0,0.0,51.0,1,12.75,11,4,4,2.0,1.0
559,IND vs NZ,T20I no. 1990,Washington Sundar,4.0,0.0,22.0,2,5.5,11,1,1,0.0,0.0
560,IND vs NZ,T20I no. 1990,Deepak Hooda,2.0,0.0,14.0,0,7.0,4,2,0,0.0,0.0
561,IND vs NZ,T20I no. 1990,Umran Malik,1.0,0.0,16.0,0,16.0,1,2,1,0.0,0.0
562,IND vs NZ,T20I no. 1990,Kuldeep Yadav,4.0,0.0,20.0,1,5.0,10,2,0,0.0,0.0
563,IND vs NZ,T20I no. 1990,Shivam Mavi,2.0,0.0,19.0,1,9.5,3,3,0,0.0,0.0
564,IND vs NZ,T20I no. 1991,Hardik Pandya,4.0,0.0,25.0,1,6.25,9,3,0,1.0,0.0
565,IND vs NZ,T20I no. 1991,Washington Sundar,3.0,0.0,17.0,1,5.66,11,1,0,1.0,0.0
566,IND vs NZ,T20I no. 1991,Yuzvendra Chahal,2.0,1.0,4.0,1,2.0,10,0,0,1.0,0.0
567,IND vs NZ,T20I no. 1991,Deepak Hooda,4.0,0.0,17.0,1,4.25,9,0,0,0.0,0.0
568,IND vs NZ,T20I no. 1991,Kuldeep Yadav,4.0,0.0,17.0,1,4.25,10,1,0,0.0,0.0
569,IND vs NZ,T20I no. 1991,Arshdeep Singh,2.0,0.0,7.0,2,3.5,7,0,0,0.0,0.0
570,IND vs NZ,T20I no. 1991,Shivam Mavi,1.0,0.0,11.0,0,11.0,0,1,0,2.0,0.0
571,IND vs NZ,T20I no. 1992,Hardik Pandya,4.0,0.0,16.0,4,4.0,14,0,1,0.0,0.0
572,IND vs NZ,T20I no. 1992,Arshdeep Singh,3.0,0.0,16.0,2,5.33,10,1,1,0.0,0.0
573,IND vs NZ,T20I no. 1992,Umran Malik,2.1,0.0,9.0,2,4.15,9,1,0,1.0,0.0
574,IND vs NZ,T20I no. 1992,Kuldeep Yadav,1.0,0.0,12.0,0,12.0,1,0,1,0.0,0.0
575,IND vs NZ,T20I no. 1992,Shivam Mavi,2.0,0.0,12.0,2,6.0,7,0,1,1.0,0.0
576,WI vs IND,T20I no. 2188,Arshdeep Singh,4.0,0.0,31.0,2,7.75,12,3,1,4.0,0.0
577,WI vs IND,T20I no. 2188,Mukesh Kumar,3.0,0.0,24.0,0,8.0,3,2,0,0.0,1.0
578,WI vs IND,T20I no. 2188,Axar Patel,2.0,0.0,22.0,0,11.0,4,1,2,0.0,0.0
579,WI vs IND,T20I no. 2188,Yuzvendra Chahal,3.0,0.0,24.0,2,8.0,7,1,2,0.0,0.0
580,WI vs IND,T20I no. 2188,Hardik Pandya,4.0,0.0,27.0,1,6.75,11,2,1,1.0,0.0
581,WI vs IND,T20I no. 2188,Kuldeep Yadav,4.0,0.0,20.0,1,5.0,10,1,0,1.0,0.0
582,WI vs IND,T20I no. 2191,Hardik Pandya,4.0,0.0,35.0,3,8.75,10,4,1,0.0,0.0
583,WI vs IND,T20I no. 2191,Arshdeep Singh,4.0,0.0,34.0,1,8.5,7,2,2,0.0,0.0
584,WI vs IND,T20I no. 2191,Mukesh Kumar,3.5,0.0,35.0,1,9.13,8,3,2,0.0,0.0
585,WI vs IND,T20I no. 2191,Ravi Bishnoi,4.0,0.0,31.0,0,7.75,12,3,2,0.0,0.0
586,WI vs IND,T20I no. 2191,Yuzvendra Chahal,3.0,0.0,19.0,2,6.33,7,0,1,1.0,0.0
587,WI vs IND,T20I no. 2192,Hardik Pandya,3.0,0.0,18.0,0,6.0,7,2,0,0.0,0.0
588,WI vs IND,T20I no. 2192,Arshdeep Singh,3.0,0.0,33.0,0,11.0,6,2,2,3.0,0.0
589,WI vs IND,T20I no. 2192,Axar Patel,4.0,0.0,24.0,1,6.0,13,4,0,1.0,0.0
590,WI vs IND,T20I no. 2192,Yuzvendra Chahal,4.0,0.0,33.0,0,8.25,9,2,2,0.0,0.0
591,WI vs IND,T20I no. 2192,Kuldeep Yadav,4.0,0.0,28.0,3,7.0,12,2,2,0.0,0.0
592,WI vs IND,T20I no. 2192,Mukesh Kumar,2.0,0.0,19.0,1,9.5,4,1,1,1.0,0.0
593,IND vs WI,T20I no. 2193,Axar Patel,4.0,0.0,39.0,1,9.75,8,2,3,0.0,0.0
594,IND vs WI,T20I no. 2193,Arshdeep Singh,4.0,0.0,38.0,3,9.5,10,2,3,1.0,0.0
595,IND vs WI,T20I no. 2193,Yuzvendra Chahal,4.0,0.0,36.0,1,9.0,5,2,2,0.0,0.0
596,IND vs WI,T20I no. 2193,Kuldeep Yadav,4.0,0.0,26.0,2,6.5,10,1,1,1.0,0.0
597,IND vs WI,T20I no. 2193,Hardik Pandya,1.0,0.0,14.0,0,14.0,1,1,1,0.0,0.0
598,IND vs WI,T20I no. 2193,Mukesh Kumar,3.0,0.0,25.0,1,8.33,4,1,1,0.0,1.0
599,IND vs WI,T20I no. 2194,Hardik Pandya,3.0,0.0,32.0,0,10.66,8,2,3,0.0,0.0
600,IND vs WI,T20I no. 2194,Arshdeep Singh,2.0,0.0,20.0,1,10.0,6,1,2,0.0,0.0
601,IND vs WI,T20I no. 2194,Kuldeep Yadav,4.0,0.0,18.0,0,4.5,12,1,0,2.0,0.0
602,IND vs WI,T20I no. 2194,Yuzvendra Chahal,4.0,0.0,51.0,0,12.75,4,1,5,0.0,0.0
603,IND vs WI,T20I no. 2194,Mukesh Kumar,1.0,0.0,10.0,0,10.0,0,1,0,1.0,0.0
604,IND vs WI,T20I no. 2194,Tilak Varma,2.0,0.0,17.0,1,8.5,5,1,1,0.0,0.0
605,IND vs WI,T20I no. 2194,Axar Patel,1.0,0.0,8.0,0,8.0,3,1,0,0.0,0.0
606,IND vs WI,T20I no. 2194,Yashasvi Jaiswal,1.0,0.0,11.0,0,11.0,1,0,1,0.0,0.0
607,IRE vs IND,T20I no. 2200,Jasprit Bumrah,4.0,0.0,24.0,2,6.0,16,3,1,1.0,0.0
608,IRE vs IND,T20I no. 2200,Arshdeep Singh,4.0,0.0,35.0,1,8.75,11,2,2,3.0,1.0
609,IRE vs IND,T20I no. 2200,Prasidh Krishna,4.0,0.0,32.0,2,8.0,11,4,1,1.0,0.0
610,IRE vs IND,T20I no. 2200,Ravi Bishnoi,4.0,0.0,23.0,2,5.75,11,1,1,1.0,0.0
611,IRE vs IND,T20I no. 2200,Shivam Dube,1.0,0.0,6.0,0,6.0,3,1,0,0.0,0.0
612,IRE vs IND,T20I no. 2200,Washington Sundar,3.0,0.0,19.0,0,6.33,4,1,0,0.0,0.0
613,IRE vs IND,T20I no. 2208,Jasprit Bumrah,4.0,1.0,15.0,2,3.75,16,0,0,1.0,0.0
614,IRE vs IND,T20I no. 2208,Arshdeep Singh,4.0,0.0,29.0,1,7.25,13,2,2,1.0,0.0
615,IRE vs IND,T20I no. 2208,Prasidh Krishna,4.0,0.0,29.0,2,7.25,12,0,3,1.0,0.0
616,IRE vs IND,T20I no. 2208,Ravi Bishnoi,4.0,0.0,37.0,2,9.25,7,2,2,1.0,0.0
617,IRE vs IND,T20I no. 2208,Washington Sundar,2.0,0.0,19.0,0,9.5,2,2,0,2.0,0.0
618,IRE vs IND,T20I no. 2208,Shivam Dube,2.0,0.0,18.0,0,9.0,5,0,2,0.0,0.0
