,Match,Match_id,Name,Out/NotOut,Runs,Balls,4s,6s,SR
0,SL vs IND,T20I no. 656,Rohit Sharma,1,0,4,0,0,0
1,SL vs IND,T20I no. 656,Shikhar Dhawan,1,90,49,6,6,183.67
2,SL vs IND,T20I no. 656,Suresh Raina,1,1,3,0,0,33.33
3,SL vs IND,T20I no. 656,Manish Pandey,1,37,35,3,1,105.71
4,SL vs IND,T20I no. 656,Rishabh Pant,1,23,23,1,1,100
5,SL vs IND,T20I no. 656,Dinesh Karthik,0,13,6,2,0,216.66
6,BAN vs IND,T20I no. 657,Rohit Sharma,1,17,13,3,0,130.76
7,BAN vs IND,T20I no. 657,Shikhar Dhawan,1,55,43,5,2,127.9
8,BAN vs IND,T20I no. 657,Rishabh Pant,1,7,8,1,0,87.5
9,BAN vs IND,T20I no. 657,Suresh Raina,1,28,27,1,1,103.7
10,BAN vs IND,T20I no. 657,Manish Pandey,0,27,19,3,0,142.1
11,BAN vs IND,T20I no. 657,Dinesh Karthik,0,2,2,0,0,100
12,SL vs IND,T20I no. 659,Rohit Sharma,1,11,7,1,1,157.14
13,SL vs IND,T20I no. 659,Shikhar Dhawan,1,8,10,1,0,80
14,SL vs IND,T20I no. 659,KL Rahul,1,18,17,1,0,105.88
15,SL vs IND,T20I no. 659,Suresh Raina,1,27,15,2,2,180
16,SL vs IND,T20I no. 659,Manish Pandey,0,42,31,3,1,135.48
17,SL vs IND,T20I no. 659,Dinesh Karthik,0,39,25,5,0,156
18,BAN vs IND,T20I no. 660,Rohit Sharma,1,89,61,5,5,145.9
19,BAN vs IND,T20I no. 660,Shikhar Dhawan,1,35,27,5,1,129.62
20,BAN vs IND,T20I no. 660,Suresh Raina,1,47,30,5,2,156.66
21,BAN vs IND,T20I no. 660,Dinesh Karthik,0,2,2,0,0,100
22,BAN vs IND,T20I no. 662,Shikhar Dhawan,1,10,7,0,1,142.85
23,BAN vs IND,T20I no. 662,Rohit Sharma,1,56,42,4,3,133.33
24,BAN vs IND,T20I no. 662,Suresh Raina,1,0,3,0,0,0
25,BAN vs IND,T20I no. 662,KL Rahul,1,24,14,2,1,171.42
26,BAN vs IND,T20I no. 662,Manish Pandey,1,28,27,3,0,103.7
27,BAN vs IND,T20I no. 662,Vijay Shankar,1,17,19,3,0,89.47
28,BAN vs IND,T20I no. 662,Dinesh Karthik,0,29,8,2,3,362.5
30,IRE vs IND,T20I no. 678,Rohit Sharma,1,97,61,8,5,159.01
31,IRE vs IND,T20I no. 678,Shikhar Dhawan,1,74,45,5,5,164.44
32,IRE vs IND,T20I no. 678,Suresh Raina,1,10,6,2,0,166.66
33,IRE vs IND,T20I no. 678,MS Dhoni,1,11,5,1,1,220
34,IRE vs IND,T20I no. 678,Hardik Pandya,0,6,1,0,1,600
35,IRE vs IND,T20I no. 678,Virat Kohli,1,0,2,0,0,0
37,IRE vs IND,T20I no. 680,KL Rahul,1,70,36,3,6,194.44
38,IRE vs IND,T20I no. 680,Virat Kohli,1,9,8,1,0,112.5
39,IRE vs IND,T20I no. 680,Suresh Raina,1,69,45,5,3,153.33
40,IRE vs IND,T20I no. 680,Rohit Sharma,1,0,2,0,0,0
41,IRE vs IND,T20I no. 680,Manish Pandey,0,21,20,1,0,105
42,IRE vs IND,T20I no. 680,Hardik Pandya,0,32,9,1,4,355.55
43,ENG vs IND,T20I no. 684,Shikhar Dhawan,1,4,4,1,0,100
44,ENG vs IND,T20I no. 684,Rohit Sharma,1,32,30,3,1,106.66
45,ENG vs IND,T20I no. 684,KL Rahul,0,101,54,10,5,187.03
46,ENG vs IND,T20I no. 684,Virat Kohli,0,20,22,0,1,90.9
47,ENG vs IND,T20I no. 688,Rohit Sharma,1,5,9,1,0,55.55
48,ENG vs IND,T20I no. 688,Shikhar Dhawan,1,10,12,1,0,83.33
49,ENG vs IND,T20I no. 688,KL Rahul,1,6,8,0,0,75
50,ENG vs IND,T20I no. 688,Virat Kohli,1,47,38,1,2,123.68
51,ENG vs IND,T20I no. 688,Suresh Raina,1,27,20,2,1,135
52,ENG vs IND,T20I no. 688,MS Dhoni,0,32,24,5,0,133.33
53,ENG vs IND,T20I no. 688,Hardik Pandya,0,12,10,0,1,120
54,ENG vs IND,T20I no. 690,Rohit Sharma,0,100,56,11,5,178.57
55,ENG vs IND,T20I no. 690,Shikhar Dhawan,1,5,3,1,0,166.66
56,ENG vs IND,T20I no. 690,KL Rahul,1,19,10,1,2,190
57,ENG vs IND,T20I no. 690,Virat Kohli,1,43,29,2,2,148.27
58,ENG vs IND,T20I no. 690,Hardik Pandya,0,33,14,4,2,235.71
59,IND vs WI,T20I no. 707,Rohit Sharma,1,6,6,1,0,100
60,IND vs WI,T20I no. 707,Shikhar Dhawan,1,3,8,0,0,37.5
61,IND vs WI,T20I no. 707,KL Rahul,1,16,22,2,0,72.72
62,IND vs WI,T20I no. 707,Rishabh Pant,1,1,4,0,0,25
63,IND vs WI,T20I no. 707,Manish Pandey,1,19,24,2,0,79.16
64,IND vs WI,T20I no. 707,Dinesh Karthik,0,31,34,3,1,91.17
65,IND vs WI,T20I no. 707,Krunal Pandya,0,21,9,3,0,233.33
66,IND vs WI,T20I no. 709,Rohit Sharma,0,111,61,8,7,181.96
67,IND vs WI,T20I no. 709,Shikhar Dhawan,1,43,41,3,0,104.87
68,IND vs WI,T20I no. 709,Rishabh Pant,1,5,6,1,0,83.33
69,IND vs WI,T20I no. 709,KL Rahul,0,26,14,2,1,185.71
70,IND vs WI,T20I no. 710,Shikhar Dhawan,1,92,62,10,2,148.38
71,IND vs WI,T20I no. 710,Rohit Sharma,1,4,6,1,0,66.66
72,IND vs WI,T20I no. 710,KL Rahul,1,17,10,4,0,170
73,IND vs WI,T20I no. 710,Rishabh Pant,1,58,38,5,3,152.63
74,IND vs WI,T20I no. 710,Manish Pandey,0,4,6,0,0,66.66
76,AUS vs IND,T20I no. 712,Rohit Sharma,1,7,8,0,0,87.5
77,AUS vs IND,T20I no. 712,Shikhar Dhawan,1,76,42,10,2,180.95
78,AUS vs IND,T20I no. 712,KL Rahul,1,13,12,1,0,108.33
79,AUS vs IND,T20I no. 712,Virat Kohli,1,4,8,0,0,50
80,AUS vs IND,T20I no. 712,Rishabh Pant,1,20,16,1,1,125
81,AUS vs IND,T20I no. 712,Dinesh Karthik,1,30,13,4,1,230.76
82,AUS vs IND,T20I no. 712,Krunal Pandya,1,2,4,0,0,50
83,AUS vs IND,T20I no. 712,Bhuvneshwar Kumar,0,1,1,0,0,100
84,AUS vs IND,T20I no. 712,Kuldeep Yadav,0,4,1,1,0,400
85,AUS vs IND,T20I no. 714,Rohit Sharma,1,23,16,1,2,143.75
86,AUS vs IND,T20I no. 714,Shikhar Dhawan,1,41,22,6,2,186.36
87,AUS vs IND,T20I no. 714,Virat Kohli,0,61,41,4,2,148.78
88,AUS vs IND,T20I no. 714,KL Rahul,1,14,20,0,1,70
89,AUS vs IND,T20I no. 714,Rishabh Pant,1,0,1,0,0,0
90,AUS vs IND,T20I no. 714,Dinesh Karthik,0,22,18,1,1,122.22
91,NZ vs IND,T20I no. 735,Rohit Sharma,1,1,5,0,0,20
92,NZ vs IND,T20I no. 735,Shikhar Dhawan,1,29,18,2,3,161.11
93,NZ vs IND,T20I no. 735,Vijay Shankar,1,27,18,2,2,150
94,NZ vs IND,T20I no. 735,Rishabh Pant,1,4,10,0,0,40
95,NZ vs IND,T20I no. 735,MS Dhoni,1,39,31,5,1,125.8
96,NZ vs IND,T20I no. 735,Dinesh Karthik,1,5,6,0,0,83.33
97,NZ vs IND,T20I no. 735,Hardik Pandya,1,4,4,1,0,100
98,NZ vs IND,T20I no. 735,Krunal Pandya,1,20,18,1,1,111.11
99,NZ vs IND,T20I no. 735,Bhuvneshwar Kumar,1,1,3,0,0,33.33
100,NZ vs IND,T20I no. 735,Yuzvendra Chahal,1,1,3,0,0,33.33
101,NZ vs IND,T20I no. 735,Khaleel Ahmed,0,1,1,0,0,100
102,NZ vs IND,T20I no. 737,Rohit Sharma,1,50,29,3,4,172.41
103,NZ vs IND,T20I no. 737,Shikhar Dhawan,1,30,31,2,0,96.77
104,NZ vs IND,T20I no. 737,Rishabh Pant,0,40,28,4,1,142.85
105,NZ vs IND,T20I no. 737,Vijay Shankar,1,14,8,1,1,175
106,NZ vs IND,T20I no. 737,MS Dhoni,0,20,17,1,0,117.64
107,NZ vs IND,T20I no. 738,Shikhar Dhawan,1,5,4,1,0,125
108,NZ vs IND,T20I no. 738,Rohit Sharma,1,38,32,3,0,118.75
109,NZ vs IND,T20I no. 738,Vijay Shankar,1,43,28,5,2,153.57
110,NZ vs IND,T20I no. 738,Rishabh Pant,1,28,12,1,3,233.33
111,NZ vs IND,T20I no. 738,Hardik Pandya,1,21,11,1,2,190.9
112,NZ vs IND,T20I no. 738,MS Dhoni,1,2,4,0,0,50
113,NZ vs IND,T20I no. 738,Dinesh Karthik,0,33,16,0,4,206.25
114,NZ vs IND,T20I no. 738,Krunal Pandya,0,26,13,2,2,200
115,IND vs AUS,T20I no. 748,Rohit Sharma,1,5,8,0,0,62.5
116,IND vs AUS,T20I no. 748,KL Rahul,1,50,36,6,1,138.88
117,IND vs AUS,T20I no. 748,Virat Kohli,1,24,17,3,0,141.17
118,IND vs AUS,T20I no. 748,Rishabh Pant,1,3,5,0,0,60
119,IND vs AUS,T20I no. 748,MS Dhoni,0,29,37,0,1,78.37
120,IND vs AUS,T20I no. 748,Dinesh Karthik,1,1,3,0,0,33.33
121,IND vs AUS,T20I no. 748,Krunal Pandya,1,1,6,0,0,16.66
122,IND vs AUS,T20I no. 748,Umesh Yadav,1,2,4,0,0,50
123,IND vs AUS,T20I no. 748,Yuzvendra Chahal,0,0,4,0,0,0
124,IND vs AUS,T20I no. 749,KL Rahul,1,47,26,3,4,180.76
125,IND vs AUS,T20I no. 749,Shikhar Dhawan,1,14,24,1,0,58.33
126,IND vs AUS,T20I no. 749,Virat Kohli,0,72,38,2,6,189.47
127,IND vs AUS,T20I no. 749,Rishabh Pant,1,1,6,0,0,16.66
128,IND vs AUS,T20I no. 749,MS Dhoni,1,40,23,3,3,173.91
129,IND vs AUS,T20I no. 749,Dinesh Karthik,0,8,3,2,0,266.66
130,IND vs WI,T20I no. 842,Rohit Sharma,1,24,25,2,2,96
131,IND vs WI,T20I no. 842,Shikhar Dhawan,1,1,7,0,0,14.28
132,IND vs WI,T20I no. 842,Virat Kohli,1,19,29,1,0,65.51
133,IND vs WI,T20I no. 842,Rishabh Pant,1,0,1,0,0,0
134,IND vs WI,T20I no. 842,Manish Pandey,1,19,14,2,0,135.71
135,IND vs WI,T20I no. 842,Krunal Pandya,1,12,14,1,0,85.71
136,IND vs WI,T20I no. 842,Ravindra Jadeja,0,10,9,0,0,111.11
137,IND vs WI,T20I no. 842,Washington Sundar,0,8,5,0,1,160
138,IND vs WI,T20I no. 843,Rohit Sharma,1,67,51,6,3,131.37
139,IND vs WI,T20I no. 843,Shikhar Dhawan,1,23,16,3,0,143.75
140,IND vs WI,T20I no. 843,Virat Kohli,1,28,23,1,1,121.73
141,IND vs WI,T20I no. 843,Rishabh Pant,1,4,5,0,0,80
142,IND vs WI,T20I no. 843,Manish Pandey,1,6,8,0,0,75
143,IND vs WI,T20I no. 843,Krunal Pandya,0,20,13,0,2,153.84
144,IND vs WI,T20I no. 843,Ravindra Jadeja,0,9,4,0,1,225
145,WI vs IND,T20I no. 846,KL Rahul,1,20,18,2,1,111.11
146,WI vs IND,T20I no. 846,Shikhar Dhawan,1,3,5,0,0,60
147,WI vs IND,T20I no. 846,Virat Kohli,1,59,45,6,0,131.11
148,WI vs IND,T20I no. 846,Rishabh Pant,0,65,42,4,4,154.76
149,WI vs IND,T20I no. 846,Manish Pandey,0,2,5,0,0,40
150,IND vs SA,T20I no. 888,Rohit Sharma,1,12,12,0,2,100
151,IND vs SA,T20I no. 888,Shikhar Dhawan,1,40,31,4,1,129.03
152,IND vs SA,T20I no. 888,Virat Kohli,0,72,52,4,3,138.46
153,IND vs SA,T20I no. 888,Rishabh Pant,1,4,5,0,0,80
154,IND vs SA,T20I no. 888,Shreyas Iyer,0,16,14,2,0,114.28
155,IND vs SA,T20I no. 893,Shikhar Dhawan,1,36,25,4,2,144
156,IND vs SA,T20I no. 893,Rohit Sharma,1,9,8,2,0,112.5
157,IND vs SA,T20I no. 893,Virat Kohli,1,9,15,0,0,60
158,IND vs SA,T20I no. 893,Rishabh Pant,1,19,20,1,1,95
159,IND vs SA,T20I no. 893,Shreyas Iyer,1,5,8,0,0,62.5
160,IND vs SA,T20I no. 893,Hardik Pandya,1,14,18,1,0,77.77
161,IND vs SA,T20I no. 893,Krunal Pandya,1,4,7,0,0,57.14
162,IND vs SA,T20I no. 893,Ravindra Jadeja,1,19,17,1,1,111.76
163,IND vs SA,T20I no. 893,Washington Sundar,1,4,1,1,0,400
165,IND vs SA,T20I no. 893,Navdeep Saini,0,0,1,0,0,0
166,IND vs BAN,T20I no. 1000,Rohit Sharma,1,9,5,2,0,180
167,IND vs BAN,T20I no. 1000,Shikhar Dhawan,1,41,42,3,1,97.61
168,IND vs BAN,T20I no. 1000,KL Rahul,1,15,17,2,0,88.23
169,IND vs BAN,T20I no. 1000,Shreyas Iyer,1,22,13,1,2,169.23
170,IND vs BAN,T20I no. 1000,Rishabh Pant,1,27,26,3,0,103.84
171,IND vs BAN,T20I no. 1000,Shivam Dube,1,1,4,0,0,25
172,IND vs BAN,T20I no. 1000,Krunal Pandya,0,15,8,1,1,187.5
173,IND vs BAN,T20I no. 1000,Washington Sundar,0,14,5,0,2,280
174,IND vs BAN,T20I no. 1007,Rohit Sharma,1,85,43,6,6,197.67
175,IND vs BAN,T20I no. 1007,Shikhar Dhawan,1,31,27,4,0,114.81
176,IND vs BAN,T20I no. 1007,KL Rahul,0,8,11,0,0,72.72
177,IND vs BAN,T20I no. 1007,Shreyas Iyer,0,24,13,3,1,184.61
178,IND vs BAN,T20I no. 1014,Rohit Sharma,1,2,6,0,0,33.33
179,IND vs BAN,T20I no. 1014,Shikhar Dhawan,1,19,16,4,0,118.75
180,IND vs BAN,T20I no. 1014,KL Rahul,1,52,35,7,0,148.57
181,IND vs BAN,T20I no. 1014,Shreyas Iyer,1,62,33,3,5,187.87
182,IND vs BAN,T20I no. 1014,Rishabh Pant,1,6,9,0,0,66.66
183,IND vs BAN,T20I no. 1014,Manish Pandey,0,22,13,3,0,169.23
184,IND vs BAN,T20I no. 1014,Shivam Dube,0,9,8,0,0,112.5
185,IND vs WI,T20I no. 1020,Rohit Sharma,1,8,10,1,0,80
186,IND vs WI,T20I no. 1020,KL Rahul,1,62,40,5,4,155
187,IND vs WI,T20I no. 1020,Virat Kohli,0,94,50,6,6,188
188,IND vs WI,T20I no. 1020,Rishabh Pant,1,18,9,0,2,200
189,IND vs WI,T20I no. 1020,Shreyas Iyer,1,4,6,0,0,66.66
191,IND vs WI,T20I no. 1022,Rohit Sharma,1,15,18,2,0,83.33
192,IND vs WI,T20I no. 1022,KL Rahul,1,11,11,1,0,100
193,IND vs WI,T20I no. 1022,Shivam Dube,1,54,30,3,4,180
194,IND vs WI,T20I no. 1022,Virat Kohli,1,19,17,2,0,111.76
195,IND vs WI,T20I no. 1022,Rishabh Pant,0,33,22,3,1,150
196,IND vs WI,T20I no. 1022,Shreyas Iyer,1,10,11,1,0,90.9
197,IND vs WI,T20I no. 1022,Ravindra Jadeja,1,9,11,0,0,81.81
198,IND vs WI,T20I no. 1022,Washington Sundar,1,0,1,0,0,0
199,IND vs WI,T20I no. 1022,Deepak Chahar,0,1,1,0,0,100
200,IND vs WI,T20I no. 1024,Rohit Sharma,1,71,34,6,5,208.82
201,IND vs WI,T20I no. 1024,KL Rahul,1,91,56,9,4,162.5
202,IND vs WI,T20I no. 1024,Rishabh Pant,1,0,2,0,0,0
203,IND vs WI,T20I no. 1024,Virat Kohli,0,70,29,4,7,241.37
205,IND vs SL,T20I no. 1026,KL Rahul,1,45,32,6,0,140.62
206,IND vs SL,T20I no. 1026,Shikhar Dhawan,1,32,29,2,0,110.34
207,IND vs SL,T20I no. 1026,Shreyas Iyer,1,34,26,3,1,130.76
208,IND vs SL,T20I no. 1026,Virat Kohli,0,30,17,1,2,176.47
209,IND vs SL,T20I no. 1026,Rishabh Pant,0,1,1,0,0,100
210,IND vs SL,T20I no. 1027,KL Rahul,1,54,36,5,1,150
211,IND vs SL,T20I no. 1027,Shikhar Dhawan,1,52,36,7,1,144.44
212,IND vs SL,T20I no. 1027,Sanju Samson,1,6,2,0,1,300
213,IND vs SL,T20I no. 1027,Manish Pandey,0,31,18,4,0,172.22
214,IND vs SL,T20I no. 1027,Shreyas Iyer,1,4,2,1,0,200
215,IND vs SL,T20I no. 1027,Virat Kohli,1,26,17,2,1,152.94
216,IND vs SL,T20I no. 1027,Washington Sundar,1,0,1,0,0,0
217,IND vs SL,T20I no. 1027,Shardul Thakur,0,22,8,1,2,275
218,NZ vs IND,T20I no. 1031,Rohit Sharma,1,7,6,0,1,116.66
219,NZ vs IND,T20I no. 1031,KL Rahul,1,56,27,4,3,207.4
220,NZ vs IND,T20I no. 1031,Virat Kohli,1,45,32,3,1,140.62
221,NZ vs IND,T20I no. 1031,Shreyas Iyer,0,58,29,5,3,200
222,NZ vs IND,T20I no. 1031,Shivam Dube,1,13,9,1,1,144.44
223,NZ vs IND,T20I no. 1031,Manish Pandey,0,14,12,0,1,116.66
224,NZ vs IND,T20I no. 1034,Rohit Sharma,1,8,6,2,0,133.33
225,NZ vs IND,T20I no. 1034,KL Rahul,0,57,50,3,2,114
226,NZ vs IND,T20I no. 1034,Virat Kohli,1,11,12,1,0,91.66
227,NZ vs IND,T20I no. 1034,Shreyas Iyer,1,44,33,1,3,133.33
228,NZ vs IND,T20I no. 1034,Shivam Dube,0,8,4,0,1,200
229,NZ vs IND,T20I no. 1035,Rohit Sharma,1,65,40,6,3,162.5
230,NZ vs IND,T20I no. 1035,KL Rahul,1,27,19,2,1,142.1
231,NZ vs IND,T20I no. 1035,Shivam Dube,1,3,7,0,0,42.85
232,NZ vs IND,T20I no. 1035,Virat Kohli,1,38,27,2,1,140.74
233,NZ vs IND,T20I no. 1035,Shreyas Iyer,1,17,16,0,1,106.25
234,NZ vs IND,T20I no. 1035,Manish Pandey,0,14,6,1,1,233.33
235,NZ vs IND,T20I no. 1035,Ravindra Jadeja,0,10,5,0,1,200
236,NZ vs IND,T20I no. 1036,KL Rahul,1,39,26,3,2,150
237,NZ vs IND,T20I no. 1036,Sanju Samson,1,8,5,0,1,160
238,NZ vs IND,T20I no. 1036,Virat Kohli,1,11,9,2,0,122.22
239,NZ vs IND,T20I no. 1036,Shreyas Iyer,1,1,7,0,0,14.28
240,NZ vs IND,T20I no. 1036,Shivam Dube,1,12,9,2,0,133.33
241,NZ vs IND,T20I no. 1036,Manish Pandey,0,50,36,3,0,138.88
242,NZ vs IND,T20I no. 1036,Washington Sundar,1,0,3,0,0,0
243,NZ vs IND,T20I no. 1036,Shardul Thakur,1,20,15,2,0,133.33
244,NZ vs IND,T20I no. 1036,Yuzvendra Chahal,1,1,2,0,0,50
245,NZ vs IND,T20I no. 1036,Navdeep Saini,0,11,9,2,0,122.22
246,NZ vs IND,T20I no. 1037,KL Rahul,1,45,33,4,2,136.36
247,NZ vs IND,T20I no. 1037,Sanju Samson,1,2,5,0,0,40
248,NZ vs IND,T20I no. 1037,Rohit Sharma,1,60,41,3,3,146.34
249,NZ vs IND,T20I no. 1037,Shreyas Iyer,0,33,31,1,2,106.45
250,NZ vs IND,T20I no. 1037,Shivam Dube,1,5,6,1,0,83.33
251,NZ vs IND,T20I no. 1037,Manish Pandey,0,11,4,1,1,275
252,AUS vs IND,T20I no. 1114,KL Rahul,1,51,40,5,1,127.5
253,AUS vs IND,T20I no. 1114,Shikhar Dhawan,1,1,6,0,0,16.66
254,AUS vs IND,T20I no. 1114,Virat Kohli,1,9,9,1,0,100
255,AUS vs IND,T20I no. 1114,Sanju Samson,1,23,15,1,1,153.33
256,AUS vs IND,T20I no. 1114,Manish Pandey,1,2,8,0,0,25
257,AUS vs IND,T20I no. 1114,Hardik Pandya,1,16,15,0,1,106.66
258,AUS vs IND,T20I no. 1114,Ravindra Jadeja,0,44,23,5,1,191.3
259,AUS vs IND,T20I no. 1114,Washington Sundar,1,7,5,1,0,140
261,AUS vs IND,T20I no. 1115,KL Rahul,1,30,22,2,1,136.36
262,AUS vs IND,T20I no. 1115,Shikhar Dhawan,1,52,36,4,2,144.44
263,AUS vs IND,T20I no. 1115,Virat Kohli,1,40,24,2,2,166.66
264,AUS vs IND,T20I no. 1115,Sanju Samson,1,15,10,1,1,150
265,AUS vs IND,T20I no. 1115,Hardik Pandya,0,42,22,3,2,190.9
266,AUS vs IND,T20I no. 1115,Shreyas Iyer,0,12,5,1,1,240
267,AUS vs IND,T20I no. 1116,KL Rahul,1,0,2,0,0,0
268,AUS vs IND,T20I no. 1116,Shikhar Dhawan,1,28,21,3,0,133.33
269,AUS vs IND,T20I no. 1116,Virat Kohli,1,85,61,4,3,139.34
270,AUS vs IND,T20I no. 1116,Sanju Samson,1,10,9,0,0,111.11
271,AUS vs IND,T20I no. 1116,Shreyas Iyer,1,0,1,0,0,0
272,AUS vs IND,T20I no. 1116,Hardik Pandya,1,20,13,1,2,153.84
273,AUS vs IND,T20I no. 1116,Washington Sundar,1,7,6,1,0,116.66
274,AUS vs IND,T20I no. 1116,Shardul Thakur,0,17,7,0,2,242.85
276,IND vs ENG,T20I no. 1131,Shikhar Dhawan,1,4,12,0,0,33.33
277,IND vs ENG,T20I no. 1131,KL Rahul,1,1,4,0,0,25
278,IND vs ENG,T20I no. 1131,Virat Kohli,1,0,5,0,0,0
279,IND vs ENG,T20I no. 1131,Rishabh Pant,1,21,23,2,1,91.3
280,IND vs ENG,T20I no. 1131,Shreyas Iyer,1,67,48,8,1,139.58
281,IND vs ENG,T20I no. 1131,Hardik Pandya,1,19,21,1,1,90.47
282,IND vs ENG,T20I no. 1131,Shardul Thakur,1,0,1,0,0,0
283,IND vs ENG,T20I no. 1131,Washington Sundar,0,3,3,0,0,100
284,IND vs ENG,T20I no. 1131,Axar Patel,0,7,3,1,0,233.33
285,IND vs ENG,T20I no. 1132,KL Rahul,1,0,6,0,0,0
286,IND vs ENG,T20I no. 1132,Ishan Kishan,1,56,32,5,4,175
287,IND vs ENG,T20I no. 1132,Virat Kohli,0,73,49,5,3,148.97
288,IND vs ENG,T20I no. 1132,Rishabh Pant,1,26,13,2,2,200
289,IND vs ENG,T20I no. 1132,Shreyas Iyer,0,8,8,0,0,100
290,IND vs ENG,T20I no. 1133,Rohit Sharma,1,15,17,2,0,88.23
291,IND vs ENG,T20I no. 1133,KL Rahul,1,0,4,0,0,0
292,IND vs ENG,T20I no. 1133,Ishan Kishan,1,4,9,0,0,44.44
293,IND vs ENG,T20I no. 1133,Virat Kohli,0,77,46,8,4,167.39
294,IND vs ENG,T20I no. 1133,Rishabh Pant,1,25,20,3,0,125
295,IND vs ENG,T20I no. 1133,Shreyas Iyer,1,9,9,1,0,100
296,IND vs ENG,T20I no. 1133,Hardik Pandya,1,17,15,0,2,113.33
297,IND vs ENG,T20I no. 1135,Rohit Sharma,1,12,12,1,1,100
298,IND vs ENG,T20I no. 1135,KL Rahul,1,14,17,2,0,82.35
299,IND vs ENG,T20I no. 1135,Suryakumar Yadav,1,57,31,6,3,183.87
300,IND vs ENG,T20I no. 1135,Virat Kohli,1,1,5,0,0,20
301,IND vs ENG,T20I no. 1135,Rishabh Pant,1,30,23,4,0,130.43
302,IND vs ENG,T20I no. 1135,Shreyas Iyer,1,37,18,5,1,205.55
303,IND vs ENG,T20I no. 1135,Hardik Pandya,1,11,8,0,1,137.5
304,IND vs ENG,T20I no. 1135,Shardul Thakur,0,10,4,2,0,250
305,IND vs ENG,T20I no. 1135,Washington Sundar,1,4,2,1,0,200
307,IND vs ENG,T20I no. 1138,Rohit Sharma,1,64,34,4,5,188.23
308,IND vs ENG,T20I no. 1138,Virat Kohli,0,80,52,7,2,153.84
309,IND vs ENG,T20I no. 1138,Suryakumar Yadav,1,32,17,3,2,188.23
310,IND vs ENG,T20I no. 1138,Hardik Pandya,0,39,17,4,2,229.41
311,SL vs IND,T20I no. 1204,Prithvi Shaw,1,0,1,0,0,0
312,SL vs IND,T20I no. 1204,Shikhar Dhawan,1,46,36,4,1,127.77
313,SL vs IND,T20I no. 1204,Sanju Samson,1,27,20,2,1,135
314,SL vs IND,T20I no. 1204,Suryakumar Yadav,1,50,34,5,2,147.05
315,SL vs IND,T20I no. 1204,Hardik Pandya,1,10,12,0,0,83.33
316,SL vs IND,T20I no. 1204,Ishan Kishan,0,20,14,1,1,142.85
317,SL vs IND,T20I no. 1204,Krunal Pandya,0,3,3,0,0,100
318,SL vs IND,T20I no. 1206,Ruturaj Gaikwad,1,21,18,1,0,116.66
319,SL vs IND,T20I no. 1206,Shikhar Dhawan,1,40,42,5,0,95.23
320,SL vs IND,T20I no. 1206,Devdutt Padikkal,1,29,23,1,1,126.08
321,SL vs IND,T20I no. 1206,Sanju Samson,1,7,13,0,0,53.84
322,SL vs IND,T20I no. 1206,Nitish Rana,1,9,12,0,0,75
323,SL vs IND,T20I no. 1206,Bhuvneshwar Kumar,0,13,11,0,0,118.18
324,SL vs IND,T20I no. 1206,Navdeep Saini,0,1,1,0,0,100
325,SL vs IND,T20I no. 1207,Ruturaj Gaikwad,1,14,10,2,0,140
326,SL vs IND,T20I no. 1207,Shikhar Dhawan,1,0,1,0,0,0
327,SL vs IND,T20I no. 1207,Devdutt Padikkal,1,9,15,1,0,60
328,SL vs IND,T20I no. 1207,Sanju Samson,1,0,3,0,0,0
329,SL vs IND,T20I no. 1207,Nitish Rana,1,6,15,0,0,40
330,SL vs IND,T20I no. 1207,Bhuvneshwar Kumar,1,16,32,0,0,50
331,SL vs IND,T20I no. 1207,Kuldeep Yadav,0,23,28,0,0,82.14
332,SL vs IND,T20I no. 1207,Rahul Chahar,1,5,5,1,0,100
333,SL vs IND,T20I no. 1207,Varun Chakravarthy,1,0,2,0,0,0
334,SL vs IND,T20I no. 1207,Chetan Sakariya,0,5,9,0,0,55.55
335,IND vs PAK,T20I no. 1361,KL Rahul,1,3,8,0,0,37.5
336,IND vs PAK,T20I no. 1361,Rohit Sharma,1,0,1,0,0,0
337,IND vs PAK,T20I no. 1361,Virat Kohli,1,57,49,5,1,116.32
338,IND vs PAK,T20I no. 1361,Suryakumar Yadav,1,11,8,1,1,137.5
339,IND vs PAK,T20I no. 1361,Rishabh Pant,1,39,30,2,2,130
340,IND vs PAK,T20I no. 1361,Ravindra Jadeja,1,13,13,1,0,100
341,IND vs PAK,T20I no. 1361,Hardik Pandya,1,11,8,2,0,137.5
342,IND vs PAK,T20I no. 1361,Bhuvneshwar Kumar,0,5,4,0,0,125
344,IND vs NZ,T20I no. 1381,KL Rahul,1,18,16,3,0,112.5
345,IND vs NZ,T20I no. 1381,Ishan Kishan,1,4,8,1,0,50
346,IND vs NZ,T20I no. 1381,Rohit Sharma,1,14,14,1,1,100
347,IND vs NZ,T20I no. 1381,Virat Kohli,1,9,17,0,0,52.94
348,IND vs NZ,T20I no. 1381,Rishabh Pant,1,12,19,0,0,63.15
349,IND vs NZ,T20I no. 1381,Hardik Pandya,1,23,24,1,0,95.83
350,IND vs NZ,T20I no. 1381,Ravindra Jadeja,0,26,19,2,1,136.84
351,IND vs NZ,T20I no. 1381,Shardul Thakur,1,0,3,0,0,0
353,AFG vs IND,T20I no. 1390,KL Rahul,1,69,48,6,2,143.75
354,AFG vs IND,T20I no. 1390,Rohit Sharma,1,74,47,8,3,157.44
355,AFG vs IND,T20I no. 1390,Rishabh Pant,0,27,13,1,3,207.69
356,AFG vs IND,T20I no. 1390,Hardik Pandya,0,35,13,4,2,269.23
357,IND vs SCO,T20I no. 1396,KL Rahul,1,50,19,6,3,263.15
358,IND vs SCO,T20I no. 1396,Rohit Sharma,1,30,16,5,1,187.5
359,IND vs SCO,T20I no. 1396,Virat Kohli,0,2,2,0,0,100
360,IND vs SCO,T20I no. 1396,Suryakumar Yadav,0,6,2,0,1,300
361,IND vs NAM,T20I no. 1410,KL Rahul,0,54,36,4,2,150
362,IND vs NAM,T20I no. 1410,Rohit Sharma,1,56,37,7,2,151.35
363,IND vs NAM,T20I no. 1410,Suryakumar Yadav,0,25,19,4,0,131.57
364,IND vs NZ,T20I no. 1434,KL Rahul,1,15,14,1,1,107.14
365,IND vs NZ,T20I no. 1434,Rohit Sharma,1,48,36,5,2,133.33
366,IND vs NZ,T20I no. 1434,Suryakumar Yadav,1,62,40,6,3,155
367,IND vs NZ,T20I no. 1434,Rishabh Pant,0,17,17,2,0,100
368,IND vs NZ,T20I no. 1434,Shreyas Iyer,1,5,8,0,0,62.5
369,IND vs NZ,T20I no. 1434,Venkatesh Iyer,1,4,2,1,0,200
370,IND vs NZ,T20I no. 1434,Axar Patel,0,1,1,0,0,100
371,IND vs NZ,T20I no. 1440,KL Rahul,1,65,49,6,2,132.65
372,IND vs NZ,T20I no. 1440,Rohit Sharma,1,55,36,1,5,152.77
373,IND vs NZ,T20I no. 1440,Venkatesh Iyer,0,12,11,2,0,109.09
374,IND vs NZ,T20I no. 1440,Suryakumar Yadav,1,1,2,0,0,50
375,IND vs NZ,T20I no. 1440,Rishabh Pant,0,12,6,0,2,200
376,IND vs NZ,T20I no. 1446,Rohit Sharma,1,56,31,5,3,180.64
377,IND vs NZ,T20I no. 1446,Ishan Kishan,1,29,21,6,0,138.09
378,IND vs NZ,T20I no. 1446,Suryakumar Yadav,1,0,4,0,0,0
379,IND vs NZ,T20I no. 1446,Rishabh Pant,1,4,6,0,0,66.66
380,IND vs NZ,T20I no. 1446,Shreyas Iyer,1,25,20,2,0,125
381,IND vs NZ,T20I no. 1446,Venkatesh Iyer,1,20,15,1,1,133.33
382,IND vs NZ,T20I no. 1446,Axar Patel,0,2,4,0,0,50
383,IND vs NZ,T20I no. 1446,Harshal Patel,1,18,11,2,1,163.63
384,IND vs NZ,T20I no. 1446,Deepak Chahar,0,21,8,2,1,262.5
385,IND vs WI,T20I no. 1467,Rohit Sharma,1,40,19,4,3,210.52
386,IND vs WI,T20I no. 1467,Ishan Kishan,1,35,42,4,0,83.33
387,IND vs WI,T20I no. 1467,Virat Kohli,1,17,13,1,0,130.76
388,IND vs WI,T20I no. 1467,Rishabh Pant,1,8,8,0,0,100
389,IND vs WI,T20I no. 1467,Suryakumar Yadav,0,34,18,5,1,188.88
390,IND vs WI,T20I no. 1467,Venkatesh Iyer,0,24,13,2,1,184.61
391,IND vs WI,T20I no. 1473,Rohit Sharma,1,19,18,2,1,105.55
392,IND vs WI,T20I no. 1473,Ishan Kishan,1,2,10,0,0,20
393,IND vs WI,T20I no. 1473,Virat Kohli,1,52,41,7,1,126.82
394,IND vs WI,T20I no. 1473,Suryakumar Yadav,1,8,6,1,0,133.33
395,IND vs WI,T20I no. 1473,Rishabh Pant,0,52,28,7,1,185.71
396,IND vs WI,T20I no. 1473,Venkatesh Iyer,1,33,18,4,1,183.33
397,IND vs WI,T20I no. 1473,Harshal Patel,0,1,1,0,0,100
398,IND vs WI,T20I no. 1479,Ruturaj Gaikwad,1,4,8,1,0,50
399,IND vs WI,T20I no. 1479,Ishan Kishan,1,34,31,5,0,109.67
400,IND vs WI,T20I no. 1479,Shreyas Iyer,1,25,16,4,0,156.25
401,IND vs WI,T20I no. 1479,Rohit Sharma,1,7,15,0,0,46.66
402,IND vs WI,T20I no. 1479,Suryakumar Yadav,1,65,31,1,7,209.67
403,IND vs WI,T20I no. 1479,Venkatesh Iyer,0,35,19,4,2,184.21
404,IND vs SL,T20I no. 1492,Rohit Sharma,1,44,32,2,1,137.5
405,IND vs SL,T20I no. 1492,Ishan Kishan,1,89,56,10,3,158.92
406,IND vs SL,T20I no. 1492,Shreyas Iyer,0,57,28,5,2,203.57
407,IND vs SL,T20I no. 1492,Ravindra Jadeja,0,3,4,0,0,75
408,IND vs SL,T20I no. 1493,Rohit Sharma,1,1,2,0,0,50
409,IND vs SL,T20I no. 1493,Ishan Kishan,1,16,15,2,0,106.66
410,IND vs SL,T20I no. 1493,Shreyas Iyer,0,74,44,6,4,168.18
411,IND vs SL,T20I no. 1493,Sanju Samson,1,39,25,2,3,156
412,IND vs SL,T20I no. 1493,Ravindra Jadeja,0,45,18,7,1,250
413,IND vs SL,T20I no. 1494,Sanju Samson,1,18,12,3,0,150
414,IND vs SL,T20I no. 1494,Rohit Sharma,1,5,9,1,0,55.55
415,IND vs SL,T20I no. 1494,Shreyas Iyer,0,73,45,9,1,162.22
416,IND vs SL,T20I no. 1494,Deepak Hooda,1,21,16,1,1,131.25
417,IND vs SL,T20I no. 1494,Venkatesh Iyer,1,5,4,1,0,125
418,IND vs SL,T20I no. 1494,Ravindra Jadeja,0,22,15,3,0,146.66
419,IND vs SA,T20I no. 1554,Ishan Kishan,1,76,48,11,3,158.33
420,IND vs SA,T20I no. 1554,Ruturaj Gaikwad,1,23,15,0,3,153.33
421,IND vs SA,T20I no. 1554,Shreyas Iyer,1,36,27,1,3,133.33
422,IND vs SA,T20I no. 1554,Rishabh Pant,1,29,16,2,2,181.25
423,IND vs SA,T20I no. 1554,Hardik Pandya,0,31,12,2,3,258.33
424,IND vs SA,T20I no. 1554,Dinesh Karthik,0,1,2,0,0,50
425,IND vs SA,T20I no. 1569,Ruturaj Gaikwad,1,1,4,0,0,25
426,IND vs SA,T20I no. 1569,Ishan Kishan,1,34,21,2,3,161.9
427,IND vs SA,T20I no. 1569,Shreyas Iyer,1,40,35,2,2,114.28
428,IND vs SA,T20I no. 1569,Rishabh Pant,1,5,7,0,0,71.42
429,IND vs SA,T20I no. 1569,Hardik Pandya,1,9,12,1,0,75
430,IND vs SA,T20I no. 1569,Axar Patel,1,10,11,1,0,90.9
431,IND vs SA,T20I no. 1569,Dinesh Karthik,0,30,21,2,2,142.85
432,IND vs SA,T20I no. 1569,Harshal Patel,0,12,9,2,0,133.33
433,IND vs SA,T20I no. 1571,Ruturaj Gaikwad,1,57,35,7,2,162.85
434,IND vs SA,T20I no. 1571,Ishan Kishan,1,54,35,5,2,154.28
435,IND vs SA,T20I no. 1571,Shreyas Iyer,1,14,11,0,2,127.27
436,IND vs SA,T20I no. 1571,Rishabh Pant,1,6,8,0,0,75
437,IND vs SA,T20I no. 1571,Hardik Pandya,0,31,21,4,0,147.61
438,IND vs SA,T20I no. 1571,Dinesh Karthik,1,6,8,0,0,75
439,IND vs SA,T20I no. 1571,Axar Patel,0,5,2,1,0,250
440,IND vs SA,T20I no. 1572,Ruturaj Gaikwad,1,5,7,1,0,71.42
441,IND vs SA,T20I no. 1572,Ishan Kishan,1,27,26,3,1,103.84
442,IND vs SA,T20I no. 1572,Shreyas Iyer,1,4,2,1,0,200
443,IND vs SA,T20I no. 1572,Rishabh Pant,1,17,23,2,0,73.91
444,IND vs SA,T20I no. 1572,Hardik Pandya,1,46,31,3,3,148.38
445,IND vs SA,T20I no. 1572,Dinesh Karthik,1,55,27,9,2,203.7
446,IND vs SA,T20I no. 1572,Axar Patel,0,8,4,1,0,200
447,IND vs SA,T20I no. 1572,Harshal Patel,0,1,1,0,0,100
448,IND vs SA,T20I no. 1575,Ishan Kishan,1,15,7,0,2,214.28
449,IND vs SA,T20I no. 1575,Ruturaj Gaikwad,1,10,12,1,0,83.33
450,IND vs SA,T20I no. 1575,Shreyas Iyer,0,0,1,0,0,0
451,IND vs SA,T20I no. 1575,Rishabh Pant,0,1,1,0,0,100
452,IRE vs IND,T20I no. 1580,Deepak Hooda,0,47,29,6,2,162.06
453,IRE vs IND,T20I no. 1580,Ishan Kishan,1,26,11,3,2,236.36
454,IRE vs IND,T20I no. 1580,Suryakumar Yadav,1,0,1,0,0,0
455,IRE vs IND,T20I no. 1580,Hardik Pandya,1,24,12,1,3,200
456,IRE vs IND,T20I no. 1580,Dinesh Karthik,0,5,4,1,0,125
457,IRE vs IND,T20I no. 1586,Sanju Samson,1,77,42,9,4,183.33
458,IRE vs IND,T20I no. 1586,Ishan Kishan,1,3,5,0,0,60
459,IRE vs IND,T20I no. 1586,Deepak Hooda,1,104,57,9,6,182.45
460,IRE vs IND,T20I no. 1586,Suryakumar Yadav,1,15,5,2,1,300
461,IRE vs IND,T20I no. 1586,Hardik Pandya,0,13,9,2,0,144.44
462,IRE vs IND,T20I no. 1586,Dinesh Karthik,1,0,1,0,0,0
463,IRE vs IND,T20I no. 1586,Axar Patel,1,0,1,0,0,0
464,IRE vs IND,T20I no. 1586,Harshal Patel,1,0,1,0,0,0
465,IRE vs IND,T20I no. 1586,Bhuvneshwar Kumar,0,1,1,0,0,100
466,ENG vs IND,T20I no. 1616,Rohit Sharma,1,24,14,5,0,171.42
467,ENG vs IND,T20I no. 1616,Ishan Kishan,1,8,10,0,0,80
468,ENG vs IND,T20I no. 1616,Deepak Hooda,1,33,17,3,2,194.11
469,ENG vs IND,T20I no. 1616,Suryakumar Yadav,1,39,19,4,2,205.26
470,ENG vs IND,T20I no. 1616,Hardik Pandya,1,51,33,6,1,154.54
471,ENG vs IND,T20I no. 1616,Axar Patel,1,17,12,3,0,141.66
472,ENG vs IND,T20I no. 1616,Dinesh Karthik,1,11,7,2,0,157.14
473,ENG vs IND,T20I no. 1616,Harshal Patel,1,3,6,0,0,50
474,ENG vs IND,T20I no. 1616,Bhuvneshwar Kumar,0,1,1,0,0,100
475,ENG vs IND,T20I no. 1616,Arshdeep Singh,0,2,1,0,0,200
476,ENG vs IND,T20I no. 1628,Rohit Sharma,1,31,20,3,2,155
477,ENG vs IND,T20I no. 1628,Rishabh Pant,1,26,15,4,1,173.33
478,ENG vs IND,T20I no. 1628,Virat Kohli,1,1,3,0,0,33.33
479,ENG vs IND,T20I no. 1628,Suryakumar Yadav,1,15,11,2,0,136.36
480,ENG vs IND,T20I no. 1628,Hardik Pandya,1,12,15,1,0,80
481,ENG vs IND,T20I no. 1628,Ravindra Jadeja,0,46,29,5,0,158.62
482,ENG vs IND,T20I no. 1628,Dinesh Karthik,1,12,17,1,0,70.58
483,ENG vs IND,T20I no. 1628,Harshal Patel,1,13,6,1,1,216.66
484,ENG vs IND,T20I no. 1628,Bhuvneshwar Kumar,1,2,4,0,0,50
486,ENG vs IND,T20I no. 1631,Rohit Sharma,1,11,12,2,0,91.66
487,ENG vs IND,T20I no. 1631,Rishabh Pant,1,1,5,0,0,20
488,ENG vs IND,T20I no. 1631,Virat Kohli,1,11,6,1,1,183.33
489,ENG vs IND,T20I no. 1631,Suryakumar Yadav,1,117,55,14,6,212.72
490,ENG vs IND,T20I no. 1631,Shreyas Iyer,1,28,23,0,2,121.73
491,ENG vs IND,T20I no. 1631,Dinesh Karthik,1,6,7,1,0,85.71
492,ENG vs IND,T20I no. 1631,Ravindra Jadeja,1,7,4,0,1,175
493,ENG vs IND,T20I no. 1631,Harshal Patel,1,5,6,1,0,83.33
494,ENG vs IND,T20I no. 1631,Avesh Khan,0,1,1,0,0,100
495,ENG vs IND,T20I no. 1631,Ravi Bishnoi,1,2,2,0,0,100
496,WI vs IND,T20I no. 1702,Rohit Sharma,1,64,44,7,2,145.45
497,WI vs IND,T20I no. 1702,Suryakumar Yadav,1,24,16,3,1,150
498,WI vs IND,T20I no. 1702,Shreyas Iyer,1,0,4,0,0,0
499,WI vs IND,T20I no. 1702,Rishabh Pant,1,14,12,2,0,116.66
500,WI vs IND,T20I no. 1702,Hardik Pandya,1,1,3,0,0,33.33
501,WI vs IND,T20I no. 1702,Ravindra Jadeja,1,16,13,2,0,123.07
502,WI vs IND,T20I no. 1702,Dinesh Karthik,0,41,19,4,2,215.78
503,WI vs IND,T20I no. 1702,Ravichandran Ashwin,0,13,10,0,1,130
504,WI vs IND,T20I no. 1718,Rohit Sharma,1,0,1,0,0,0
505,WI vs IND,T20I no. 1718,Suryakumar Yadav,1,11,6,0,1,183.33
506,WI vs IND,T20I no. 1718,Shreyas Iyer,1,10,11,0,1,90.9
507,WI vs IND,T20I no. 1718,Rishabh Pant,1,24,12,1,2,200
508,WI vs IND,T20I no. 1718,Hardik Pandya,1,31,31,1,2,100
509,WI vs IND,T20I no. 1718,Ravindra Jadeja,1,27,30,0,1,90
510,WI vs IND,T20I no. 1718,Dinesh Karthik,1,7,13,0,0,53.84
511,WI vs IND,T20I no. 1718,Ravichandran Ashwin,1,10,6,2,0,166.66
512,WI vs IND,T20I no. 1718,Bhuvneshwar Kumar,1,1,3,0,0,33.33
513,WI vs IND,T20I no. 1718,Avesh Khan,1,8,4,0,1,200
514,WI vs IND,T20I no. 1718,Arshdeep Singh,0,1,1,0,0,100
515,WI vs IND,T20I no. 1720,Rohit Sharma,1,11,5,1,1,220
516,WI vs IND,T20I no. 1720,Suryakumar Yadav,1,76,44,8,4,172.72
517,WI vs IND,T20I no. 1720,Shreyas Iyer,1,24,27,2,0,88.88
518,WI vs IND,T20I no. 1720,Rishabh Pant,0,33,26,3,1,126.92
519,WI vs IND,T20I no. 1720,Hardik Pandya,1,4,6,0,0,66.66
520,WI vs IND,T20I no. 1720,Deepak Hooda,0,10,7,1,0,142.85
521,IND vs WI,T20I no. 1725,Rohit Sharma,1,33,16,2,3,206.25
522,IND vs WI,T20I no. 1725,Suryakumar Yadav,1,24,14,1,2,171.42
523,IND vs WI,T20I no. 1725,Deepak Hooda,1,21,19,2,0,110.52
524,IND vs WI,T20I no. 1725,Rishabh Pant,1,44,31,6,0,141.93
525,IND vs WI,T20I no. 1725,Sanju Samson,0,30,23,2,1,130.43
526,IND vs WI,T20I no. 1725,Dinesh Karthik,1,6,9,0,0,66.66
527,IND vs WI,T20I no. 1725,Axar Patel,0,20,8,1,2,250
528,IND vs WI,T20I no. 1726,Ishan Kishan,1,11,13,1,0,84.61
529,IND vs WI,T20I no. 1726,Shreyas Iyer,1,64,40,8,2,160
530,IND vs WI,T20I no. 1726,Deepak Hooda,1,38,25,3,2,152
531,IND vs WI,T20I no. 1726,Sanju Samson,1,15,11,2,0,136.36
532,IND vs WI,T20I no. 1726,Hardik Pandya,1,28,16,2,2,175
533,IND vs WI,T20I no. 1726,Dinesh Karthik,1,12,9,2,0,133.33
534,IND vs WI,T20I no. 1726,Axar Patel,1,9,7,0,1,128.57
536,IND vs WI,T20I no. 1726,Avesh Khan,0,1,2,0,0,50
537,IND vs PAK,T20I no. 1750,Rohit Sharma,1,12,18,0,1,66.66
538,IND vs PAK,T20I no. 1750,KL Rahul,1,0,1,0,0,0
539,IND vs PAK,T20I no. 1750,Virat Kohli,1,35,34,3,1,102.94
540,IND vs PAK,T20I no. 1750,Ravindra Jadeja,1,35,29,2,2,120.68
541,IND vs PAK,T20I no. 1750,Suryakumar Yadav,1,18,18,1,0,100
542,IND vs PAK,T20I no. 1750,Hardik Pandya,0,33,17,4,1,194.11
543,IND vs PAK,T20I no. 1750,Dinesh Karthik,0,1,1,0,0,100
544,HKG vs IND,T20I no. 1754,KL Rahul,1,36,39,0,2,92.3
545,HKG vs IND,T20I no. 1754,Rohit Sharma,1,21,13,2,1,161.53
546,HKG vs IND,T20I no. 1754,Virat Kohli,0,59,44,1,3,134.09
547,HKG vs IND,T20I no. 1754,Suryakumar Yadav,0,68,26,6,6,261.53
548,IND vs PAK,T20I no. 1758,KL Rahul,1,28,20,1,2,140
549,IND vs PAK,T20I no. 1758,Rohit Sharma,1,28,16,3,2,175
550,IND vs PAK,T20I no. 1758,Virat Kohli,1,60,44,4,1,136.36
551,IND vs PAK,T20I no. 1758,Suryakumar Yadav,1,13,10,2,0,130
552,IND vs PAK,T20I no. 1758,Rishabh Pant,1,14,12,2,0,116.66
553,IND vs PAK,T20I no. 1758,Hardik Pandya,1,0,2,0,0,0
554,IND vs PAK,T20I no. 1758,Deepak Hooda,1,16,14,2,0,114.28
556,IND vs PAK,T20I no. 1758,Ravi Bishnoi,0,8,2,2,0,400
557,IND vs SL,T20I no. 1759,KL Rahul,1,6,7,1,0,85.71
558,IND vs SL,T20I no. 1759,Rohit Sharma,1,72,41,5,4,175.6
559,IND vs SL,T20I no. 1759,Virat Kohli,1,0,4,0,0,0
560,IND vs SL,T20I no. 1759,Suryakumar Yadav,1,34,29,1,1,117.24
561,IND vs SL,T20I no. 1759,Hardik Pandya,1,17,13,0,1,130.76
562,IND vs SL,T20I no. 1759,Rishabh Pant,1,17,13,3,0,130.76
563,IND vs SL,T20I no. 1759,Deepak Hooda,1,3,4,0,0,75
564,IND vs SL,T20I no. 1759,Ravichandran Ashwin,0,15,7,0,1,214.28
565,IND vs SL,T20I no. 1759,Bhuvneshwar Kumar,1,0,2,0,0,0
566,IND vs SL,T20I no. 1759,Arshdeep Singh,0,1,1,0,0,100
567,AFG vs IND,T20I no. 1761,KL Rahul,1,62,41,6,2,151.21
568,AFG vs IND,T20I no. 1761,Virat Kohli,0,122,61,12,6,200
569,AFG vs IND,T20I no. 1761,Suryakumar Yadav,1,6,2,0,1,300
570,AFG vs IND,T20I no. 1761,Rishabh Pant,0,20,16,3,0,125
571,IND vs AUS,T20I no. 1788,KL Rahul,1,55,35,4,3,157.14
572,IND vs AUS,T20I no. 1788,Rohit Sharma,1,11,9,1,1,122.22
573,IND vs AUS,T20I no. 1788,Virat Kohli,1,2,7,0,0,28.57
574,IND vs AUS,T20I no. 1788,Suryakumar Yadav,1,46,25,2,4,184
575,IND vs AUS,T20I no. 1788,Hardik Pandya,0,71,30,7,5,236.66
576,IND vs AUS,T20I no. 1788,Axar Patel,1,6,5,1,0,120
577,IND vs AUS,T20I no. 1788,Dinesh Karthik,1,6,5,0,0,120
578,IND vs AUS,T20I no. 1788,Harshal Patel,0,7,4,1,0,175
579,IND vs AUS,T20I no. 1794,KL Rahul,1,10,6,0,1,166.66
580,IND vs AUS,T20I no. 1794,Rohit Sharma,0,46,20,4,4,230
581,IND vs AUS,T20I no. 1794,Virat Kohli,1,11,6,2,0,183.33
582,IND vs AUS,T20I no. 1794,Suryakumar Yadav,1,0,1,0,0,0
583,IND vs AUS,T20I no. 1794,Hardik Pandya,1,9,9,1,0,100
584,IND vs AUS,T20I no. 1794,Dinesh Karthik,0,10,2,1,1,500
585,IND vs AUS,T20I no. 1796,KL Rahul,1,1,4,0,0,25
586,IND vs AUS,T20I no. 1796,Rohit Sharma,1,17,14,2,1,121.42
587,IND vs AUS,T20I no. 1796,Virat Kohli,1,63,48,3,4,131.25
588,IND vs AUS,T20I no. 1796,Suryakumar Yadav,1,69,36,5,5,191.66
589,IND vs AUS,T20I no. 1796,Hardik Pandya,0,25,16,2,1,156.25
590,IND vs AUS,T20I no. 1796,Dinesh Karthik,0,1,1,0,0,100
591,IND vs SA,T20I no. 1800,KL Rahul,0,51,56,2,4,91.07
592,IND vs SA,T20I no. 1800,Rohit Sharma,1,0,2,0,0,0
593,IND vs SA,T20I no. 1800,Virat Kohli,1,3,9,0,0,33.33
594,IND vs SA,T20I no. 1800,Suryakumar Yadav,0,50,33,5,3,151.51
595,IND vs SA,T20I no. 1803,KL Rahul,1,57,28,5,4,203.57
596,IND vs SA,T20I no. 1803,Rohit Sharma,1,43,37,7,1,116.21
597,IND vs SA,T20I no. 1803,Virat Kohli,0,49,28,7,1,175
598,IND vs SA,T20I no. 1803,Suryakumar Yadav,1,61,22,5,5,277.27
599,IND vs SA,T20I no. 1803,Dinesh Karthik,0,17,7,1,2,242.85
600,IND vs SA,T20I no. 1805,Rohit Sharma,1,0,2,0,0,0
601,IND vs SA,T20I no. 1805,Rishabh Pant,1,27,14,3,2,192.85
602,IND vs SA,T20I no. 1805,Shreyas Iyer,1,1,4,0,0,25
603,IND vs SA,T20I no. 1805,Dinesh Karthik,1,46,21,4,4,219.04
604,IND vs SA,T20I no. 1805,Suryakumar Yadav,1,8,6,0,1,133.33
605,IND vs SA,T20I no. 1805,Axar Patel,1,9,8,1,0,112.5
606,IND vs SA,T20I no. 1805,Harshal Patel,1,17,12,2,1,141.66
607,IND vs SA,T20I no. 1805,Ravichandran Ashwin,1,2,4,0,0,50
608,IND vs SA,T20I no. 1805,Deepak Chahar,1,31,17,2,3,182.35
609,IND vs SA,T20I no. 1805,Umesh Yadav,0,20,17,2,0,117.64
610,IND vs SA,T20I no. 1805,Mohammed Siraj,1,5,7,1,0,71.42
611,IND vs PAK,T20I no. 1842,KL Rahul,1,4,8,0,0,50
612,IND vs PAK,T20I no. 1842,Rohit Sharma,1,4,7,0,0,57.14
613,IND vs PAK,T20I no. 1842,Virat Kohli,0,82,53,6,4,154.71
614,IND vs PAK,T20I no. 1842,Suryakumar Yadav,1,15,10,2,0,150
615,IND vs PAK,T20I no. 1842,Axar Patel,1,2,3,0,0,66.66
616,IND vs PAK,T20I no. 1842,Hardik Pandya,1,40,37,1,2,108.1
617,IND vs PAK,T20I no. 1842,Dinesh Karthik,1,1,2,0,0,50
618,IND vs PAK,T20I no. 1842,Ravichandran Ashwin,0,1,1,0,0,100
619,IND vs NET,T20I no. 1848,KL Rahul,1,9,12,1,0,75
620,IND vs NET,T20I no. 1848,Rohit Sharma,1,53,39,4,3,135.89
621,IND vs NET,T20I no. 1848,Virat Kohli,0,62,44,3,2,140.9
622,IND vs NET,T20I no. 1848,Suryakumar Yadav,0,51,25,7,1,204
623,IND vs SA,T20I no. 1853,KL Rahul,1,9,14,0,1,64.28
624,IND vs SA,T20I no. 1853,Rohit Sharma,1,15,14,1,1,107.14
625,IND vs SA,T20I no. 1853,Virat Kohli,1,12,11,2,0,109.09
626,IND vs SA,T20I no. 1853,Suryakumar Yadav,1,68,40,6,3,170
627,IND vs SA,T20I no. 1853,Deepak Hooda,1,0,3,0,0,0
628,IND vs SA,T20I no. 1853,Hardik Pandya,1,2,3,0,0,66.66
629,IND vs SA,T20I no. 1853,Dinesh Karthik,1,6,15,0,0,40
630,IND vs SA,T20I no. 1853,Ravichandran Ashwin,1,7,11,0,0,63.63
631,IND vs SA,T20I no. 1853,Bhuvneshwar Kumar,0,4,6,0,0,66.66
632,IND vs SA,T20I no. 1853,Mohammed Shami,1,0,2,0,0,0
633,IND vs SA,T20I no. 1853,Arshdeep Singh,0,2,1,0,0,200
634,BAN vs IND,T20I no. 1860,KL Rahul,1,50,32,3,4,156.25
635,BAN vs IND,T20I no. 1860,Rohit Sharma,1,2,8,0,0,25
636,BAN vs IND,T20I no. 1860,Virat Kohli,0,64,44,8,1,145.45
637,BAN vs IND,T20I no. 1860,Suryakumar Yadav,1,30,16,4,0,187.5
638,BAN vs IND,T20I no. 1860,Hardik Pandya,1,5,6,0,0,83.33
639,BAN vs IND,T20I no. 1860,Dinesh Karthik,1,7,5,1,0,140
640,BAN vs IND,T20I no. 1860,Axar Patel,1,7,6,1,0,116.66
641,BAN vs IND,T20I no. 1860,Ravichandran Ashwin,0,13,6,1,1,216.66
642,IND vs ZIM,T20I no. 1873,KL Rahul,1,51,35,3,3,145.71
643,IND vs ZIM,T20I no. 1873,Rohit Sharma,1,15,13,2,0,115.38
644,IND vs ZIM,T20I no. 1873,Virat Kohli,1,26,25,2,0,104
645,IND vs ZIM,T20I no. 1873,Suryakumar Yadav,0,61,25,6,4,244
646,IND vs ZIM,T20I no. 1873,Rishabh Pant,1,3,5,0,0,60
647,IND vs ZIM,T20I no. 1873,Hardik Pandya,1,18,18,2,0,100
649,ENG vs IND,T20I no. 1878,KL Rahul,1,5,5,1,0,100
650,ENG vs IND,T20I no. 1878,Rohit Sharma,1,27,28,4,0,96.42
651,ENG vs IND,T20I no. 1878,Virat Kohli,1,50,40,4,1,125
652,ENG vs IND,T20I no. 1878,Suryakumar Yadav,1,14,10,1,1,140
653,ENG vs IND,T20I no. 1878,Hardik Pandya,1,63,33,4,5,190.9
654,ENG vs IND,T20I no. 1878,Rishabh Pant,1,6,4,1,0,150
656,NZ vs IND,T20I no. 1898,Ishan Kishan,1,36,31,5,1,116.12
657,NZ vs IND,T20I no. 1898,Rishabh Pant,1,6,13,1,0,46.15
658,NZ vs IND,T20I no. 1898,Suryakumar Yadav,0,111,51,11,7,217.64
659,NZ vs IND,T20I no. 1898,Shreyas Iyer,1,13,9,1,1,144.44
660,NZ vs IND,T20I no. 1898,Hardik Pandya,1,13,13,0,0,100
661,NZ vs IND,T20I no. 1898,Deepak Hooda,1,0,1,0,0,0
662,NZ vs IND,T20I no. 1898,Washington Sundar,1,0,1,0,0,0
663,NZ vs IND,T20I no. 1898,Bhuvneshwar Kumar,0,1,1,0,0,100
664,NZ vs IND,T20I no. 1911,Ishan Kishan,1,10,11,1,1,90.9
665,NZ vs IND,T20I no. 1911,Rishabh Pant,1,11,5,2,0,220
666,NZ vs IND,T20I no. 1911,Suryakumar Yadav,1,13,10,1,1,130
667,NZ vs IND,T20I no. 1911,Shreyas Iyer,1,0,1,0,0,0
668,NZ vs IND,T20I no. 1911,Hardik Pandya,0,30,18,3,1,166.66
669,NZ vs IND,T20I no. 1911,Deepak Hooda,0,9,9,0,0,100
670,IND vs SL,T20I no. 1984,Ishan Kishan,1,37,29,3,2,127.58
671,IND vs SL,T20I no. 1984,Shubman Gill,1,7,5,1,0,140
672,IND vs SL,T20I no. 1984,Suryakumar Yadav,1,7,10,1,0,70
673,IND vs SL,T20I no. 1984,Sanju Samson,1,5,6,0,0,83.33
674,IND vs SL,T20I no. 1984,Hardik Pandya,1,29,27,4,0,107.4
675,IND vs SL,T20I no. 1984,Deepak Hooda,0,41,23,1,4,178.26
676,IND vs SL,T20I no. 1984,Axar Patel,0,31,20,3,1,155
677,IND vs SL,T20I no. 1985,Ishan Kishan,1,2,5,0,0,40
678,IND vs SL,T20I no. 1985,Shubman Gill,1,5,3,1,0,166.66
679,IND vs SL,T20I no. 1985,Rahul Tripathi,1,5,5,1,0,100
680,IND vs SL,T20I no. 1985,Suryakumar Yadav,1,51,36,3,3,141.66
681,IND vs SL,T20I no. 1985,Hardik Pandya,1,12,12,1,1,100
682,IND vs SL,T20I no. 1985,Deepak Hooda,1,9,12,0,0,75
683,IND vs SL,T20I no. 1985,Axar Patel,1,65,31,3,6,209.67
684,IND vs SL,T20I no. 1985,Shivam Mavi,1,26,15,2,2,173.33
685,IND vs SL,T20I no. 1985,Umran Malik,0,1,1,0,0,100
686,IND vs SL,T20I no. 1986,Ishan Kishan,1,1,2,0,0,50
687,IND vs SL,T20I no. 1986,Shubman Gill,1,46,36,2,3,127.77
688,IND vs SL,T20I no. 1986,Rahul Tripathi,1,35,16,5,2,218.75
689,IND vs SL,T20I no. 1986,Suryakumar Yadav,0,112,51,7,9,219.6
690,IND vs SL,T20I no. 1986,Hardik Pandya,1,4,4,0,0,100
691,IND vs SL,T20I no. 1986,Deepak Hooda,1,4,2,1,0,200
692,IND vs SL,T20I no. 1986,Axar Patel,0,21,9,4,0,233.33
693,IND vs NZ,T20I no. 1990,Shubman Gill,1,7,6,1,0,116.66
694,IND vs NZ,T20I no. 1990,Ishan Kishan,1,4,5,1,0,80
695,IND vs NZ,T20I no. 1990,Rahul Tripathi,1,0,6,0,0,0
696,IND vs NZ,T20I no. 1990,Suryakumar Yadav,1,47,34,6,2,138.23
697,IND vs NZ,T20I no. 1990,Hardik Pandya,1,21,20,1,1,105
698,IND vs NZ,T20I no. 1990,Washington Sundar,1,50,28,5,3,178.57
699,IND vs NZ,T20I no. 1990,Deepak Hooda,1,10,10,0,1,100
700,IND vs NZ,T20I no. 1990,Shivam Mavi,1,2,3,0,0,66.66
701,IND vs NZ,T20I no. 1990,Kuldeep Yadav,1,0,1,0,0,0
702,IND vs NZ,T20I no. 1990,Arshdeep Singh,0,0,6,0,0,0
703,IND vs NZ,T20I no. 1990,Umran Malik,0,4,1,1,0,400
704,IND vs NZ,T20I no. 1991,Shubman Gill,1,11,9,2,0,122.22
705,IND vs NZ,T20I no. 1991,Ishan Kishan,1,19,32,2,0,59.37
706,IND vs NZ,T20I no. 1991,Rahul Tripathi,1,13,18,1,0,72.22
707,IND vs NZ,T20I no. 1991,Suryakumar Yadav,0,26,31,1,0,83.87
708,IND vs NZ,T20I no. 1991,Washington Sundar,1,10,9,1,0,111.11
709,IND vs NZ,T20I no. 1991,Hardik Pandya,0,15,20,1,0,75
710,IND vs NZ,T20I no. 1992,Ishan Kishan,1,1,3,0,0,33.33
711,IND vs NZ,T20I no. 1992,Shubman Gill,0,126,63,12,7,200
712,IND vs NZ,T20I no. 1992,Rahul Tripathi,1,44,22,4,3,200
713,IND vs NZ,T20I no. 1992,Suryakumar Yadav,1,24,13,1,2,184.61
714,IND vs NZ,T20I no. 1992,Hardik Pandya,1,30,17,4,1,176.47
715,IND vs NZ,T20I no. 1992,Deepak Hooda,0,2,2,0,0,100
716,WI vs IND,T20I no. 2188,Ishan Kishan,1,6,9,1,0,66.66
717,WI vs IND,T20I no. 2188,Shubman Gill,1,3,9,0,0,33.33
718,WI vs IND,T20I no. 2188,Suryakumar Yadav,1,21,21,2,1,100
719,WI vs IND,T20I no. 2188,Tilak Varma,1,39,22,2,3,177.27
720,WI vs IND,T20I no. 2188,Hardik Pandya,1,19,19,3,0,100
721,WI vs IND,T20I no. 2188,Sanju Samson,1,12,12,0,1,100
722,WI vs IND,T20I no. 2188,Axar Patel,1,13,11,0,1,118.18
723,WI vs IND,T20I no. 2188,Kuldeep Yadav,1,3,9,0,0,33.33
724,WI vs IND,T20I no. 2188,Arshdeep Singh,1,12,7,2,0,171.42
725,WI vs IND,T20I no. 2188,Yuzvendra Chahal,0,1,1,0,0,100
726,WI vs IND,T20I no. 2188,Mukesh Kumar,0,1,1,0,0,100
727,WI vs IND,T20I no. 2191,Ishan Kishan,1,27,23,2,2,117.39
728,WI vs IND,T20I no. 2191,Shubman Gill,1,7,9,0,1,77.77
729,WI vs IND,T20I no. 2191,Suryakumar Yadav,1,1,3,0,0,33.33
730,WI vs IND,T20I no. 2191,Tilak Varma,1,51,41,5,1,124.39
731,WI vs IND,T20I no. 2191,Sanju Samson,1,7,7,1,0,100
732,WI vs IND,T20I no. 2191,Hardik Pandya,1,24,18,0,2,133.33
733,WI vs IND,T20I no. 2191,Axar Patel,1,14,12,1,0,116.66
734,WI vs IND,T20I no. 2191,Ravi Bishnoi,0,8,4,0,1,200
735,WI vs IND,T20I no. 2191,Arshdeep Singh,0,6,3,1,0,200
736,WI vs IND,T20I no. 2192,Yashasvi Jaiswal,1,1,2,0,0,50
737,WI vs IND,T20I no. 2192,Shubman Gill,1,6,11,1,0,54.54
738,WI vs IND,T20I no. 2192,Suryakumar Yadav,1,83,44,10,4,188.63
739,WI vs IND,T20I no. 2192,Tilak Varma,0,49,37,4,1,132.43
740,WI vs IND,T20I no. 2192,Hardik Pandya,0,20,15,1,1,133.33
741,IND vs WI,T20I no. 2193,Yashasvi Jaiswal,0,84,51,11,3,164.7
742,IND vs WI,T20I no. 2193,Shubman Gill,1,77,47,3,5,163.82
743,IND vs WI,T20I no. 2193,Tilak Varma,0,7,5,1,0,140
744,IND vs WI,T20I no. 2194,Yashasvi Jaiswal,1,5,4,1,0,125
745,IND vs WI,T20I no. 2194,Shubman Gill,1,9,9,1,0,100
746,IND vs WI,T20I no. 2194,Suryakumar Yadav,1,61,45,4,3,135.55
747,IND vs WI,T20I no. 2194,Tilak Varma,1,27,18,3,2,150
748,IND vs WI,T20I no. 2194,Sanju Samson,1,13,9,2,0,144.44
749,IND vs WI,T20I no. 2194,Hardik Pandya,1,14,18,0,1,77.77
750,IND vs WI,T20I no. 2194,Axar Patel,1,13,10,0,1,130
751,IND vs WI,T20I no. 2194,Arshdeep Singh,1,8,4,0,1,200
752,IND vs WI,T20I no. 2194,Kuldeep Yadav,1,0,1,0,0,0
753,IND vs WI,T20I no. 2194,Yuzvendra Chahal,0,0,1,0,0,0
754,IND vs WI,T20I no. 2194,Mukesh Kumar,0,4,1,1,0,400
755,IRE vs IND,T20I no. 2200,Yashasvi Jaiswal,1,24,23,3,1,104.34
756,IRE vs IND,T20I no. 2200,Ruturaj Gaikwad,0,19,16,1,1,118.75
757,IRE vs IND,T20I no. 2200,Tilak Varma,1,0,1,0,0,0
758,IRE vs IND,T20I no. 2200,Sanju Samson,0,1,1,0,0,100
759,IRE vs IND,T20I no. 2208,Yashasvi Jaiswal,1,18,11,2,1,163.63
760,IRE vs IND,T20I no. 2208,Ruturaj Gaikwad,1,58,43,6,1,134.88
761,IRE vs IND,T20I no. 2208,Tilak Varma,1,1,2,0,0,50
762,IRE vs IND,T20I no. 2208,Sanju Samson,1,40,26,5,1,153.84
763,IRE vs IND,T20I no. 2208,Rinku Singh,1,38,21,2,3,180.95
764,IRE vs IND,T20I no. 2208,Shivam Dube,0,22,16,0,2,137.5
765,IRE vs IND,T20I no. 2208,Washington Sundar,0,0,1,0,0,0
