Abc,Match,Match_id,Name,Overs,Maiden,Runs,Wickets,ECON,0s,4s,6s,Wide,NB
0,sri lanka vs india,T20I no. 656,Jaydev Unadkat,3,0,35,1,11.66,8,4,2,2,0
1,sri lanka vs india,T20I no. 656,Washington Sundar,4,0,28,2,7.00,14,1,2,1,0
2,sri lanka vs india,T20I no. 656,Shardul Thakur,3.3,0,42,0,12.00,7,6,1,1,1
3,sri lanka vs india,T20I no. 656,Yuzvendra Chahal,4,0,37,2,9.25,8,2,2,1,0
4,sri lanka vs india,T20I no. 656,Vijay Shankar,2,0,15,0,7.50,2,0,0,1,0
5,sri lanka vs india,T20I no. 656,Suresh Raina,2,0,14,0,7.00,4,0,1,0,0
0,bangladesh vs india,T20I no. 657,Jaydev Unadkat,4,0,38,3,9.50,9,2,2,4,0
1,bangladesh vs india,T20I no. 657,Washington Sundar,4,0,23,0,5.75,13,3,0,2,0
2,bangladesh vs india,T20I no. 657,Shardul Thakur,4,0,25,1,6.25,11,3,0,2,0
3,bangladesh vs india,T20I no. 657,Yuzvendra Chahal,4,0,19,1,4.75,11,2,0,0,0
4,bangladesh vs india,T20I no. 657,Vijay Shankar,4,0,32,2,8.00,11,2,1,3,2
0,sri lanka vs india,T20I no. 659,Jaydev Unadkat,3,0,33,1,11.00,6,0,3,1,0
1,sri lanka vs india,T20I no. 659,Washington Sundar,4,0,21,2,5.25,12,1,1,0,0
2,sri lanka vs india,T20I no. 659,Shardul Thakur,4,0,27,4,6.75,10,3,0,1,0
3,sri lanka vs india,T20I no. 659,Yuzvendra Chahal,4,0,34,1,8.50,10,1,2,2,1
4,sri lanka vs india,T20I no. 659,Vijay Shankar,3,0,30,1,10.00,6,1,2,1,0
5,sri lanka vs india,T20I no. 659,Suresh Raina,1,0,6,0,6.00,1,0,0,1,0
0,bangladesh vs india,T20I no. 660,Mohammed Siraj,4,0,50,1,12.50,8,8,1,2,1
1,bangladesh vs india,T20I no. 660,Washington Sundar,4,0,22,3,5.50,13,3,0,1,0
2,bangladesh vs india,T20I no. 660,Shardul Thakur,4,0,37,1,9.25,6,4,1,0,0
3,bangladesh vs india,T20I no. 660,Yuzvendra Chahal,4,0,21,1,5.25,13,1,1,2,0
4,bangladesh vs india,T20I no. 660,Vijay Shankar,4,0,28,0,7.00,6,2,0,0,0
0,bangladesh vs india,T20I no. 662,Jaydev Unadkat,4,0,33,2,8.25,7,2,1,2,0
1,bangladesh vs india,T20I no. 662,Washington Sundar,4,0,20,1,5.00,11,0,1,0,0
2,bangladesh vs india,T20I no. 662,Yuzvendra Chahal,4,0,18,3,4.50,9,1,0,0,0
3,bangladesh vs india,T20I no. 662,Shardul Thakur,4,0,45,0,11.25,8,7,1,1,0
4,bangladesh vs india,T20I no. 662,Vijay Shankar,4,0,48,0,12.00,4,3,3,1,0
0,ireland vs india,T20I no. 678,Bhuvneshwar Kumar,4,0,16,0,4.00,12,1,0,0,0
1,ireland vs india,T20I no. 678,Jasprit Bumrah,4,1,19,2,4.75,15,3,0,1,0
2,ireland vs india,T20I no. 678,Hardik Pandya,4,0,36,0,9.00,6,4,1,0,0
3,ireland vs india,T20I no. 678,Yuzvendra Chahal,4,0,38,3,9.50,9,0,4,0,0
4,ireland vs india,T20I no. 678,Kuldeep Yadav,4,1,21,4,5.25,11,0,1,0,0
0,ireland vs india,T20I no. 680,Umesh Yadav,2,0,19,2,9.50,6,2,1,0,0
1,ireland vs india,T20I no. 680,Siddarth Kaul,2,0,4,1,2.00,10,0,0,1,0
2,ireland vs india,T20I no. 680,Hardik Pandya,2,0,10,1,5.00,6,1,0,1,0
3,ireland vs india,T20I no. 680,Yuzvendra Chahal,4,0,21,3,5.25,12,2,0,1,0
4,ireland vs india,T20I no. 680,Kuldeep Yadav,2.3,0,16,3,6.40,8,1,1,0,0
0,england vs india,T20I no. 684,Bhuvneshwar Kumar,4,0,45,0,11.25,8,5,1,4,0
1,england vs india,T20I no. 684,Umesh Yadav,4,0,21,2,5.25,12,3,0,0,0
2,england vs india,T20I no. 684,Yuzvendra Chahal,4,0,34,0,8.50,7,3,1,1,0
3,england vs india,T20I no. 684,Hardik Pandya,4,0,33,1,8.25,10,4,1,0,0
4,england vs india,T20I no. 684,Kuldeep Yadav,4,0,24,5,6.00,13,1,1,0,0
0,england vs india,T20I no. 688,Umesh Yadav,4,0,36,2,9.00,12,6,1,0,0
1,england vs india,T20I no. 688,Bhuvneshwar Kumar,3.4,0,19,1,5.18,11,1,1,0,0
2,england vs india,T20I no. 688,Hardik Pandya,4,0,28,1,7.00,6,1,0,0,0
3,england vs india,T20I no. 688,Yuzvendra Chahal,4,0,28,1,7.00,10,2,1,1,0
4,england vs india,T20I no. 688,Kuldeep Yadav,4,0,34,0,8.50,9,1,3,0,0
0,england vs india,T20I no. 690,Deepak Chahar,4,0,43,1,10.75,10,4,3,0,1
1,england vs india,T20I no. 690,Umesh Yadav,4,0,48,1,12.00,9,6,3,0,0
2,england vs india,T20I no. 690,Siddarth Kaul,4,0,35,2,8.75,9,3,2,0,0
3,england vs india,T20I no. 690,Hardik Pandya,4,0,38,4,9.50,11,3,3,0,0
4,england vs india,T20I no. 690,Yuzvendra Chahal,4,0,30,0,7.50,9,3,1,0,0
0,india vs west indies,T20I no. 707,Umesh Yadav,4,0,36,1,9.00,10,7,0,0,0
1,india vs west indies,T20I no. 707,Khaleel Ahmed,4,1,16,1,4.00,16,2,0,1,0
2,india vs west indies,T20I no. 707,Jasprit Bumrah,4,0,27,1,6.75,9,3,0,0,0
3,india vs west indies,T20I no. 707,Krunal Pandya,4,0,15,1,3.75,16,0,1,2,0
4,india vs west indies,T20I no. 707,Kuldeep Yadav,4,0,13,3,3.25,15,1,0,0,0
0,india vs west indies,T20I no. 709,Bhuvneshwar Kumar,4,0,12,2,3.00,18,0,1,0,0
1,india vs west indies,T20I no. 709,Khaleel Ahmed,4,0,30,2,7.50,11,5,0,1,0
2,india vs west indies,T20I no. 709,Jasprit Bumrah,4,0,20,2,5.00,14,3,0,1,0
3,india vs west indies,T20I no. 709,Krunal Pandya,4,0,23,0,5.75,12,1,0,2,0
4,india vs west indies,T20I no. 709,Kuldeep Yadav,4,0,32,2,8.00,14,2,3,0,0
0,india vs west indies,T20I no. 710,Khaleel Ahmed,4,0,37,0,9.25,12,4,2,1,0
1,india vs west indies,T20I no. 710,Washington Sundar,4,0,33,1,8.25,13,3,1,3,0
2,india vs west indies,T20I no. 710,Bhuvneshwar Kumar,4,0,39,0,9.75,7,4,2,0,0
3,india vs west indies,T20I no. 710,Krunal Pandya,4,0,40,0,10.00,7,1,3,3,0
4,india vs west indies,T20I no. 710,Yuzvendra Chahal,4,0,28,2,7.00,8,1,1,3,0
0,australia vs india,"T20I
                                    no. 712","Bhuvneshwar
                                      Kumar",3,0,15,0,5.00,10,2,0,0,0
1,australia vs india,"T20I
                                    no. 712","Jasprit
                                      Bumrah",3,0,21,1,7.00,7,2,0,0,0
2,australia vs india,"T20I
                                    no. 712","Khaleel
                                      Ahmed",3,0,42,1,14.00,5,3,3,2,0
3,australia vs india,"T20I
                                    no. 712","Kuldeep
                                      Yadav",4,0,24,2,6.00,9,1,0,2,0
4,australia vs india,"T20I
                                    no. 712","Krunal
                                      Pandya",4,0,55,0,13.75,5,0,6,1,0
0,australia vs india,"T20I
                                    no. 713","Bhuvneshwar
                                      Kumar",3,0,20,2,6.66,11,0,2,1,0
1,australia vs india,"T20I
                                    no. 713","Khaleel
                                      Ahmed",4,0,39,2,9.75,12,5,1,4,0
2,australia vs india,"T20I
                                    no. 713","Jasprit
                                      Bumrah",4,0,20,1,5.00,16,2,0,1,0
3,australia vs india,"T20I
                                    no. 713","Kuldeep
                                      Yadav",4,0,23,1,5.75,12,1,1,1,0
4,australia vs india,"T20I
                                    no. 713","Krunal
                                      Pandya",4,0,26,1,6.50,7,2,0,1,0
0,australia vs india,T20I no. 714,Bhuvneshwar Kumar,4,0,33,0,8.25,7,5,0,0,0
1,australia vs india,T20I no. 714,Khaleel Ahmed,4,0,35,0,8.75,10,5,0,4,0
2,australia vs india,T20I no. 714,Jasprit Bumrah,4,0,38,0,9.50,5,5,0,1,0
3,australia vs india,T20I no. 714,Kuldeep Yadav,4,0,19,1,4.75,13,1,0,2,0
4,australia vs india,T20I no. 714,Krunal Pandya,4,0,36,4,9.00,5,5,0,1,0
0,new zealand vs india,T20I no. 735,Bhuvneshwar Kumar,4,0,47,1,11.75,7,3,3,2,0
1,new zealand vs india,T20I no. 735,Khaleel Ahmed,4,0,48,1,12.00,7,5,3,0,0
2,new zealand vs india,T20I no. 735,Krunal Pandya,4,0,37,1,9.25,7,1,3,0,0
3,new zealand vs india,T20I no. 735,Hardik Pandya,4,0,51,2,12.75,7,3,4,3,0
4,new zealand vs india,T20I no. 735,Yuzvendra Chahal,4,0,35,1,8.75,4,2,1,0,0
0,new zealand vs india,T20I no. 737,Bhuvneshwar Kumar,4,0,29,1,7.25,8,1,1,3,0
1,new zealand vs india,T20I no. 737,Khaleel Ahmed,4,0,27,2,6.75,10,2,1,0,0
2,new zealand vs india,T20I no. 737,Hardik Pandya,4,0,36,1,9.00,4,3,0,4,0
3,new zealand vs india,T20I no. 737,Krunal Pandya,4,0,28,3,7.00,8,0,2,0,0
4,new zealand vs india,T20I no. 737,Yuzvendra Chahal,4,0,37,0,9.25,5,2,2,1,0
0,new zealand vs india,T20I no. 738,Bhuvneshwar Kumar,4,0,37,1,9.25,7,4,1,1,0
1,new zealand vs india,T20I no. 738,Khaleel Ahmed,4,0,47,1,11.75,6,6,2,0,0
2,new zealand vs india,T20I no. 738,Hardik Pandya,4,0,44,0,11.00,5,4,2,0,0
3,new zealand vs india,T20I no. 738,Krunal Pandya,4,0,54,0,13.50,3,3,4,2,0
4,new zealand vs india,T20I no. 738,Kuldeep Yadav,4,0,26,2,6.50,8,1,1,0,0
0,india vs australia,T20I no. 748,Jasprit Bumrah,4,0,16,3,4.00,18,3,0,0,0
1,india vs australia,T20I no. 748,Yuzvendra Chahal,4,0,28,1,7.00,11,3,1,0,0
2,india vs australia,T20I no. 748,Umesh Yadav,4,0,35,0,8.75,8,5,0,2,0
3,india vs australia,T20I no. 748,Krunal Pandya,4,0,17,1,4.25,8,0,0,0,0
4,india vs australia,T20I no. 748,Mayank Markande,4,0,31,0,7.75,6,2,1,0,0
0,india vs australia,T20I no. 749,Vijay Shankar,4,0,38,2,9.50,10,6,1,1,0
1,india vs australia,T20I no. 749,Jasprit Bumrah,4,0,30,0,7.50,6,2,1,0,0
2,india vs australia,T20I no. 749,Siddarth Kaul,3.4,0,45,1,12.27,6,3,3,0,1
3,india vs australia,T20I no. 749,Yuzvendra Chahal,4,0,47,0,11.75,2,2,3,2,0
4,india vs australia,T20I no. 749,Krunal Pandya,4,0,33,0,8.25,6,3,1,1,0
0,india vs west indies,T20I no. 842,Washington Sundar,2,0,18,1,9.00,8,1,1,1,0
1,india vs west indies,T20I no. 842,Bhuvneshwar Kumar,4,0,19,2,4.75,16,1,1,1,0
2,india vs west indies,T20I no. 842,Navdeep Saini,4,1,17,3,4.25,19,0,2,2,0
3,india vs west indies,T20I no. 842,Khaleel Ahmed,2,0,8,1,4.00,7,1,0,0,0
4,india vs west indies,T20I no. 842,Krunal Pandya,4,1,20,1,5.00,13,1,1,0,0
5,india vs west indies,T20I no. 842,Ravindra Jadeja,4,1,13,1,3.25,16,0,1,0,0
0,india vs west indies,T20I no. 843,Washington Sundar,3,1,12,1,4.00,13,0,1,1,0
1,india vs west indies,T20I no. 843,Bhuvneshwar Kumar,2,0,7,1,3.50,8,0,0,1,0
2,india vs west indies,T20I no. 843,Khaleel Ahmed,3,0,22,0,7.33,8,2,1,1,0
3,india vs west indies,T20I no. 843,Navdeep Saini,3,0,27,0,9.00,8,5,0,0,1
4,india vs west indies,T20I no. 843,Krunal Pandya,3.3,0,23,2,6.57,10,1,1,2,0
5,india vs west indies,T20I no. 843,Ravindra Jadeja,1,0,6,0,6.00,3,1,0,0,0
0,west indies vs india,T20I no. 846,Bhuvneshwar Kumar,3,0,19,0,6.33,10,1,1,0,0
1,west indies vs india,T20I no. 846,Deepak Chahar,3,1,4,3,1.33,15,0,0,0,0
2,west indies vs india,T20I no. 846,Navdeep Saini,4,0,34,2,8.50,10,1,3,0,0
3,west indies vs india,T20I no. 846,Rahul Chahar,3,0,27,1,9.00,9,1,3,0,0
4,west indies vs india,T20I no. 846,Washington Sundar,3,0,23,0,7.66,7,1,1,3,0
5,west indies vs india,T20I no. 846,Krunal Pandya,4,0,35,0,8.75,5,0,3,1,0
0,india vs south africa,T20I no. 888,Washington Sundar,3,0,19,0,6.33,8,1,1,0,0
1,india vs south africa,T20I no. 888,Deepak Chahar,4,0,22,2,5.50,12,3,0,0,0
2,india vs south africa,T20I no. 888,Navdeep Saini,4,0,34,1,8.50,11,3,2,0,0
3,india vs south africa,T20I no. 888,Ravindra Jadeja,4,0,31,1,7.75,2,3,0,0,0
4,india vs south africa,T20I no. 888,Hardik Pandya,4,0,31,1,7.75,6,2,1,0,0
5,india vs south africa,T20I no. 888,Krunal Pandya,1,0,7,0,7.00,1,0,0,0,0
0,india vs south africa,T20I no. 893,Washington Sundar,4,0,27,0,6.75,11,3,1,0,0
1,india vs south africa,T20I no. 893,Deepak Chahar,3,0,15,0,5.00,10,2,0,1,0
2,india vs south africa,T20I no. 893,Navdeep Saini,2,0,25,0,12.50,4,2,2,0,0
3,india vs south africa,T20I no. 893,Krunal Pandya,3.5,0,40,0,10.43,2,2,2,1,0
4,india vs south africa,T20I no. 893,Hardik Pandya,2,0,23,1,11.50,5,3,1,2,0
5,india vs south africa,T20I no. 893,Ravindra Jadeja,2,0,8,0,4.00,5,0,0,0,0
0,india vs bangladesh,T20I no. 1000,Deepak Chahar,3,0,24,1,8.00,8,2,1,1,0
1,india vs bangladesh,T20I no. 1000,Washington Sundar,4,0,25,0,6.25,9,1,1,0,0
2,india vs bangladesh,T20I no. 1000,Khaleel Ahmed,4,0,37,1,9.25,9,5,1,1,0
3,india vs bangladesh,T20I no. 1000,Yuzvendra Chahal,4,0,24,1,6.00,11,3,0,0,0
4,india vs bangladesh,T20I no. 1000,Krunal Pandya,4,0,32,0,8.00,6,2,1,1,0
5,india vs bangladesh,T20I no. 1000,Shivam Dube,0.3,0,9,0,18.00,1,0,1,1,0
0,india vs bangladesh,T20I no. 1007,Deepak Chahar,4,0,25,1,6.25,9,2,0,0,0
1,india vs bangladesh,T20I no. 1007,Khaleel Ahmed,4,0,44,1,11.00,8,9,0,0,0
2,india vs bangladesh,T20I no. 1007,Washington Sundar,4,0,25,1,6.25,7,2,0,0,0
3,india vs bangladesh,T20I no. 1007,Yuzvendra Chahal,4,0,28,2,7.00,7,2,0,0,1
4,india vs bangladesh,T20I no. 1007,Shivam Dube,2,0,12,0,6.00,4,1,0,0,0
5,india vs bangladesh,T20I no. 1007,Krunal Pandya,2,0,17,0,8.50,3,0,1,3,0
0,india vs bangladesh,T20I no. 1014,Khaleel Ahmed,4,0,27,0,6.75,12,4,0,2,0
1,india vs bangladesh,T20I no. 1014,Washington Sundar,4,0,34,0,8.50,7,2,2,0,0
2,india vs bangladesh,T20I no. 1014,Deepak Chahar,3.2,0,7,6,2.10,14,0,0,0,0
3,india vs bangladesh,T20I no. 1014,Yuzvendra Chahal,4,0,43,1,10.75,3,5,1,0,0
4,india vs bangladesh,T20I no. 1014,Shivam Dube,4,0,30,3,7.50,7,4,0,0,0
0,india vs west indies,T20I no. 1020,Washington Sundar,3,0,34,1,11.33,5,3,2,1,0
1,india vs west indies,T20I no. 1020,Deepak Chahar,4,0,56,1,14.00,3,2,5,2,0
2,india vs west indies,T20I no. 1020,Bhuvneshwar Kumar,4,0,36,0,9.00,8,2,2,0,0
3,india vs west indies,T20I no. 1020,Ravindra Jadeja,4,0,30,1,7.50,10,2,2,0,0
4,india vs west indies,T20I no. 1020,Yuzvendra Chahal,4,0,36,2,9.00,9,1,3,1,0
5,india vs west indies,T20I no. 1020,Shivam Dube,1,0,13,0,13.00,1,1,1,0,0
0,india vs west indies,T20I no. 1022,Deepak Chahar,3.3,0,35,0,10.00,7,4,1,2,0
1,india vs west indies,T20I no. 1022,Bhuvneshwar Kumar,4,0,36,0,9.00,7,4,1,0,0
2,india vs west indies,T20I no. 1022,Washington Sundar,4,0,26,1,6.50,14,0,3,1,0
3,india vs west indies,T20I no. 1022,Yuzvendra Chahal,3,0,36,0,12.00,7,1,4,1,0
4,india vs west indies,T20I no. 1022,Shivam Dube,2,0,18,0,9.00,4,2,0,0,1
5,india vs west indies,T20I no. 1022,Ravindra Jadeja,2,0,22,1,11.00,5,0,3,0,0
0,india vs west indies,T20I no. 1024,Deepak Chahar,4,0,20,2,5.00,15,3,0,1,0
1,india vs west indies,T20I no. 1024,Bhuvneshwar Kumar,4,0,41,2,10.25,11,4,3,1,0
2,india vs west indies,T20I no. 1024,Mohammed Shami,4,0,25,2,6.25,11,0,2,0,0
3,india vs west indies,T20I no. 1024,Shivam Dube,3,0,32,0,10.66,6,3,2,1,0
4,india vs west indies,T20I no. 1024,Kuldeep Yadav,4,0,45,2,11.25,11,2,5,1,0
5,india vs west indies,T20I no. 1024,Washington Sundar,1,0,5,0,5.00,2,0,0,1,0
0,india vs sri lanka,T20I no. 1026,Jasprit Bumrah,4,0,32,1,8.00,12,6,0,1,0
1,india vs sri lanka,T20I no. 1026,Shardul Thakur,4,0,23,3,5.75,12,3,0,1,0
2,india vs sri lanka,T20I no. 1026,Navdeep Saini,4,0,18,2,4.50,13,2,0,1,0
3,india vs sri lanka,T20I no. 1026,Washington Sundar,4,0,29,1,7.25,6,2,1,0,0
4,india vs sri lanka,T20I no. 1026,Kuldeep Yadav,4,0,38,2,9.50,6,2,2,0,0
0,india vs sri lanka,T20I no. 1027,Jasprit Bumrah,2,1,5,1,2.50,9,0,0,1,0
1,india vs sri lanka,T20I no. 1027,Shardul Thakur,3,0,19,2,6.33,11,2,1,1,0
2,india vs sri lanka,T20I no. 1027,Navdeep Saini,3.5,0,28,3,7.30,13,5,0,2,0
3,india vs sri lanka,T20I no. 1027,Washington Sundar,4,0,37,2,9.25,8,1,3,0,0
4,india vs sri lanka,T20I no. 1027,Yuzvendra Chahal,3,0,33,0,11.00,2,2,2,0,0
0,new zealand vs india,T20I no. 1031,Jasprit Bumrah,4,0,31,1,7.75,8,2,0,2,0
1,new zealand vs india,T20I no. 1031,Shardul Thakur,3,0,44,1,14.66,5,3,4,0,0
2,new zealand vs india,T20I no. 1031,Mohammed Shami,4,0,53,0,13.25,6,5,3,3,0
3,new zealand vs india,T20I no. 1031,Yuzvendra Chahal,4,0,32,1,8.00,8,5,0,0,0
4,new zealand vs india,T20I no. 1031,Shivam Dube,3,0,24,1,8.00,7,1,2,0,0
5,new zealand vs india,T20I no. 1031,Ravindra Jadeja,2,0,18,1,9.00,2,1,1,0,0
0,new zealand vs india,T20I no. 1034,Shardul Thakur,2,0,21,1,10.50,8,2,2,1,0
1,new zealand vs india,T20I no. 1034,Mohammed Shami,4,0,22,0,5.50,11,2,0,0,0
2,new zealand vs india,T20I no. 1034,Jasprit Bumrah,4,0,21,1,5.25,9,0,1,0,0
3,new zealand vs india,T20I no. 1034,Yuzvendra Chahal,4,0,33,0,8.25,5,2,1,0,0
4,new zealand vs india,T20I no. 1034,Shivam Dube,2,0,16,1,8.00,4,1,1,0,0
5,new zealand vs india,T20I no. 1034,Ravindra Jadeja,4,0,18,2,4.50,9,0,0,2,0
0,new zealand vs india,T20I no. 1035,Shardul Thakur,3,0,21,2,7.00,10,1,2,0,0
1,new zealand vs india,T20I no. 1035,Mohammed Shami,4,0,32,2,8.00,9,2,2,0,0
2,new zealand vs india,T20I no. 1035,Jasprit Bumrah,4,0,45,0,11.25,8,6,2,0,0
3,new zealand vs india,T20I no. 1035,Yuzvendra Chahal,4,0,36,1,9.00,8,4,1,0,0
4,new zealand vs india,T20I no. 1035,Ravindra Jadeja,4,0,23,1,5.75,11,0,2,0,0
5,new zealand vs india,T20I no. 1035,Shivam Dube,1,0,14,0,14.00,0,1,1,0,0
0,new zealand vs india,T20I no. 1036,Shardul Thakur,4,0,33,2,8.25,9,4,1,1,0
1,new zealand vs india,T20I no. 1036,Navdeep Saini,4,0,29,0,7.25,12,3,1,1,0
2,new zealand vs india,T20I no. 1036,Jasprit Bumrah,4,0,20,1,5.00,11,2,0,0,0
3,new zealand vs india,T20I no. 1036,Yuzvendra Chahal,4,0,38,1,9.50,4,1,2,1,0
4,new zealand vs india,T20I no. 1036,Washington Sundar,2,0,24,0,12.00,3,3,1,0,0
5,new zealand vs india,T20I no. 1036,Shivam Dube,2,0,14,0,7.00,3,0,1,0,0
0,new zealand vs india,T20I no. 1037,Washington Sundar,3,0,20,1,6.66,9,2,1,0,0
1,new zealand vs india,T20I no. 1037,Jasprit Bumrah,4,1,12,3,3.00,16,1,0,0,0
2,new zealand vs india,T20I no. 1037,Navdeep Saini,4,0,23,2,5.75,14,4,0,0,0
3,new zealand vs india,T20I no. 1037,Shardul Thakur,4,0,38,2,9.50,8,3,2,2,0
4,new zealand vs india,T20I no. 1037,Yuzvendra Chahal,4,0,28,0,7.00,7,1,1,1,0
5,new zealand vs india,T20I no. 1037,Shivam Dube,1,0,34,0,34.00,0,2,4,0,1
0,australia vs india,T20I no. 1114,Deepak Chahar,4,0,29,1,7.25,10,3,1,0,0
1,australia vs india,T20I no. 1114,Washington Sundar,4,0,16,0,4.00,13,1,0,0,0
2,australia vs india,T20I no. 1114,Mohammed Shami,4,0,46,0,11.50,7,4,3,0,0
3,australia vs india,T20I no. 1114,T Natarajan,4,0,30,3,7.50,7,1,1,0,0
4,australia vs india,T20I no. 1114,Yuzvendra Chahal,4,0,25,3,6.25,7,1,0,1,0
0,australia vs india,T20I no. 1115,Deepak Chahar,4,0,48,0,12.00,6,5,1,2,0
1,australia vs india,T20I no. 1115,Washington Sundar,4,0,35,0,8.75,7,3,1,1,0
2,australia vs india,T20I no. 1115,Shardul Thakur,4,0,39,1,9.75,7,6,0,1,0
3,australia vs india,T20I no. 1115,T Natarajan,4,0,20,2,5.00,8,1,0,0,0
4,australia vs india,T20I no. 1115,Yuzvendra Chahal,4,0,51,1,12.75,5,0,5,1,0
0,australia vs india,T20I no. 1116,Deepak Chahar,4,0,34,0,8.50,8,4,0,1,0
1,australia vs india,T20I no. 1116,Washington Sundar,4,0,34,2,8.50,9,4,0,1,0
2,australia vs india,T20I no. 1116,T Natarajan,4,0,33,1,8.25,8,3,0,2,0
3,australia vs india,T20I no. 1116,Yuzvendra Chahal,4,0,41,0,10.25,3,1,2,2,1
4,australia vs india,T20I no. 1116,Shardul Thakur,4,0,43,1,10.75,6,2,3,0,0
0,india vs england,T20I no. 1131,Axar Patel,3,0,24,0,8.00,9,1,2,0,0
1,india vs england,T20I no. 1131,Bhuvneshwar Kumar,2,0,15,0,7.50,6,2,0,0,0
2,india vs england,T20I no. 1131,Yuzvendra Chahal,4,0,44,1,11.00,7,2,4,0,0
3,india vs england,T20I no. 1131,Shardul Thakur,2,0,16,0,8.00,3,1,0,2,0
4,india vs england,T20I no. 1131,Hardik Pandya,2,0,13,0,6.50,5,2,0,0,0
5,india vs england,T20I no. 1131,Washington Sundar,2.3,0,18,1,7.20,5,1,1,0,0
0,india vs england,T20I no. 1132,Bhuvneshwar Kumar,4,0,28,1,7.00,10,3,0,1,0
1,india vs england,T20I no. 1132,Washington Sundar,4,0,29,2,7.25,11,2,2,0,0
2,india vs england,T20I no. 1132,Shardul Thakur,4,0,29,2,7.25,10,4,0,1,0
3,india vs england,T20I no. 1132,Hardik Pandya,4,0,33,0,8.25,4,2,0,1,0
4,india vs england,T20I no. 1132,Yuzvendra Chahal,4,0,34,1,8.50,9,4,1,2,0
0,india vs england,T20I no. 1133,Bhuvneshwar Kumar,4,0,27,0,6.75,10,3,0,0,0
1,india vs england,T20I no. 1133,Shardul Thakur,3.2,0,36,0,10.80,7,5,1,1,0
2,india vs england,T20I no. 1133,Yuzvendra Chahal,4,0,41,1,10.25,6,3,2,0,0
3,india vs england,T20I no. 1133,Hardik Pandya,3,0,22,0,7.33,3,0,1,1,0
4,india vs england,T20I no. 1133,Washington Sundar,4,0,26,1,6.50,7,1,1,0,0
0,india vs england,T20I no. 1135,Bhuvneshwar Kumar,4,1,30,1,7.50,12,3,1,1,0
1,india vs england,T20I no. 1135,Hardik Pandya,4,0,16,2,4.00,13,1,0,0,0
2,india vs england,T20I no. 1135,Shardul Thakur,4,0,42,3,10.50,9,4,2,2,0
3,india vs england,T20I no. 1135,Washington Sundar,4,0,52,0,13.00,5,5,3,0,0
4,india vs england,T20I no. 1135,Rahul Chahar,4,0,35,2,8.75,7,2,2,1,0
0,india vs england,T20I no. 1138,Bhuvneshwar Kumar,4,0,15,2,3.75,17,1,0,4,0
1,india vs england,T20I no. 1138,Hardik Pandya,4,0,34,1,8.50,9,3,1,4,0
2,india vs england,T20I no. 1138,Washington Sundar,1,0,13,0,13.00,0,2,0,0,0
3,india vs england,T20I no. 1138,Shardul Thakur,4,0,45,3,11.25,10,3,4,0,0
4,india vs england,T20I no. 1138,T Natarajan,4,0,39,1,9.75,7,5,1,0,0
5,india vs england,T20I no. 1138,Rahul Chahar,3,0,33,0,11.00,4,0,3,3,0
0,sri lanka vs india,T20I no. 1204,Bhuvneshwar Kumar,3.3,0,22,4,6.28,10,1,1,2,0
1,sri lanka vs india,T20I no. 1204,Deepak Chahar,3,0,24,2,8.00,9,4,0,1,0
2,sri lanka vs india,T20I no. 1204,Krunal Pandya,2,0,16,1,8.00,3,1,0,1,0
3,sri lanka vs india,T20I no. 1204,Varun Chakravarthy,4,0,28,1,7.00,9,1,2,0,0
4,sri lanka vs india,T20I no. 1204,Yuzvendra Chahal,4,0,19,1,4.75,10,1,0,1,0
5,sri lanka vs india,T20I no. 1204,Hardik Pandya,2,0,17,1,8.50,5,1,1,0,0
0,sri lanka vs india,"T20I
                                    no. 1206","Bhuvneshwar
                                      Kumar",4,0,21,1,5.25,11,0,1,0,0
1,sri lanka vs india,"T20I
                                    no. 1206","Chetan
                                      Sakariya",3.4,0,34,1,9.27,8,5,0,1,0
2,sri lanka vs india,"T20I
                                    no. 1206","Varun
                                      Chakravarthy",4,0,18,1,4.50,10,1,0,0,0
3,sri lanka vs india,"T20I
                                    no. 1206","Rahul
                                      Chahar",4,0,27,1,6.75,8,3,0,0,0
4,sri lanka vs india,"T20I
                                    no. 1206","Kuldeep
                                      Yadav",4,0,30,2,7.50,6,1,1,1,0
0,sri lanka vs india,T20I no. 1207,Bhuvneshwar Kumar,2,0,9,0,4.50,8,0,0,2,0
1,sri lanka vs india,T20I no. 1207,Varun Chakravarthy,3.3,0,15,0,4.28,10,1,0,1,0
2,sri lanka vs india,T20I no. 1207,Sandeep Warrier,3,0,23,0,7.66,8,2,0,1,0
3,sri lanka vs india,T20I no. 1207,Rahul Chahar,4,0,15,3,3.75,13,1,0,0,0
4,sri lanka vs india,T20I no. 1207,Kuldeep Yadav,2,0,16,0,8.00,3,1,0,1,0
0,india vs pakistan,T20I no. 1361,Bhuvneshwar Kumar,3,0,25,0,8.33,7,1,1,3,0
1,india vs pakistan,T20I no. 1361,Mohammed Shami,3.5,0,43,0,11.21,5,6,1,0,0
2,india vs pakistan,T20I no. 1361,Jasprit Bumrah,3,0,22,0,7.33,7,2,0,0,0
3,india vs pakistan,T20I no. 1361,Varun Chakravarthy,4,0,33,0,8.25,6,1,2,1,0
4,india vs pakistan,T20I no. 1361,Ravindra Jadeja,4,0,28,0,7.00,8,2,1,0,0
0,india vs new zealand,T20I no. 1381,Varun Chakravarthy,4,0,23,0,5.75,9,2,0,0,0
1,india vs new zealand,T20I no. 1381,Jasprit Bumrah,4,0,19,2,4.75,15,1,0,3,0
2,india vs new zealand,T20I no. 1381,Ravindra Jadeja,2,0,23,0,11.50,4,3,1,0,0
3,india vs new zealand,T20I no. 1381,Mohammed Shami,1,0,11,0,11.00,1,0,1,1,0
4,india vs new zealand,T20I no. 1381,Shardul Thakur,1.3,0,17,0,11.33,3,2,1,0,0
5,india vs new zealand,T20I no. 1381,Hardik Pandya,2,0,17,0,8.50,2,2,0,1,0
0,afghanistan vs india 33rd match,"T20I
                                    no. 1390","Mohammed
                                      Shami",4,0,32,3,8.00,13,3,2,1,0
1,afghanistan vs india 33rd match,"T20I
                                    no. 1390","Jasprit
                                      Bumrah",,4,0,1,25,13,2,1,6.25,2
2,afghanistan vs india 33rd match,"T20I
                                    no. 1390","Hardik
                                      Pandya",0,,2,0,0,3,3,1,23,11.50
3,afghanistan vs india 33rd match,"T20I
                                    no. 1390","Ravindra
                                      Jadeja",0,0,,1,3,8,1,1,0,19
4,afghanistan vs india 33rd match,"T20I
                                    no. 1390","Ravichandran
                                      Ashwin",6.33,0,0,2,,12,0,0,4,0
5,afghanistan vs india 33rd match,"T20I
                                    no. 1390","Shardul
                                      Thakur",14,3.50,1,0,0,2,1,2,,3
0,india vs scotland,T20I no. 1396,Jasprit Bumrah,3.4,1,10,2,2.72,17,0,1,0,0
1,india vs scotland,T20I no. 1396,Varun Chakravarthy,3,0,15,0,5.00,10,2,0,0,0
2,india vs scotland,T20I no. 1396,Ravichandran Ashwin,4,0,29,1,7.25,11,4,0,2,0
3,india vs scotland,T20I no. 1396,Mohammed Shami,3,1,15,3,5.00,11,1,1,0,0
4,india vs scotland,T20I no. 1396,Ravindra Jadeja,4,0,15,3,3.75,12,1,0,0,0
0,india vs namibia,T20I no. 1410,Mohammed Shami,4,0,39,0,9.75,9,1,2,2,0
1,india vs namibia,T20I no. 1410,Jasprit Bumrah,4,0,19,2,4.75,14,2,0,1,0
2,india vs namibia,T20I no. 1410,Ravichandran Ashwin,4,0,20,3,5.00,13,0,0,1,0
3,india vs namibia,T20I no. 1410,Ravindra Jadeja,4,0,16,3,4.00,13,1,0,0,0
4,india vs namibia,T20I no. 1410,Rahul Chahar,4,0,30,0,7.50,9,4,0,0,1
0,india vs new zealand,T20I no. 1434,Bhuvneshwar Kumar,4,0,24,2,6.00,13,2,1,1,0
1,india vs new zealand,T20I no. 1434,Deepak Chahar,4,0,42,1,10.50,8,4,2,0,0
2,india vs new zealand,T20I no. 1434,Mohammed Siraj,4,0,39,1,9.75,6,2,2,1,0
3,india vs new zealand,T20I no. 1434,Ravichandran Ashwin,4,0,23,2,5.75,10,2,0,0,0
4,india vs new zealand,T20I no. 1434,Axar Patel,4,0,31,0,7.75,7,2,1,1,0
0,india vs new zealand,T20I no. 1440,Bhuvneshwar Kumar,4,0,39,1,9.75,10,4,2,1,0
1,india vs new zealand,T20I no. 1440,Deepak Chahar,4,0,42,1,10.50,7,3,2,0,0
2,india vs new zealand,T20I no. 1440,Axar Patel,4,0,26,1,6.50,7,2,0,1,0
3,india vs new zealand,T20I no. 1440,Ravichandran Ashwin,4,0,19,1,4.75,10,1,0,2,0
4,india vs new zealand,T20I no. 1440,Harshal Patel,4,0,25,2,6.25,13,1,1,0,1
0,india vs new zealand,T20I no. 1446,Bhuvneshwar Kumar,2,0,12,0,6.00,8,1,1,0,0
1,india vs new zealand,T20I no. 1446,Deepak Chahar,2.2,0,26,1,11.14,5,4,1,0,0
2,india vs new zealand,T20I no. 1446,Axar Patel,3,0,9,3,3.00,13,1,0,0,0
3,india vs new zealand,T20I no. 1446,Yuzvendra Chahal,4,0,26,1,6.50,14,2,2,0,0
4,india vs new zealand,T20I no. 1446,Venkatesh Iyer,3,0,12,1,4.00,8,0,0,0,0
5,india vs new zealand,T20I no. 1446,Harshal Patel,3,0,26,2,8.66,8,0,3,1,0
0,india vs west indies,T20I no. 1467,Bhuvneshwar Kumar,4,0,31,1,7.75,13,4,1,1,0
1,india vs west indies,T20I no. 1467,Deepak Chahar,3,0,28,1,9.33,9,3,2,0,0
2,india vs west indies,T20I no. 1467,Harshal Patel,4,0,37,2,9.25,9,4,1,3,0
3,india vs west indies,T20I no. 1467,Yuzvendra Chahal,4,0,34,1,8.50,12,2,3,1,0
4,india vs west indies,T20I no. 1467,Ravi Bishnoi,4,0,17,2,4.25,17,1,0,6,0
5,india vs west indies,T20I no. 1467,Venkatesh Iyer,1,0,4,0,4.00,2,0,0,0,0
0,india vs west indies,T20I no. 1473,Bhuvneshwar Kumar,4,0,29,1,7.25,9,2,0,2,0
1,india vs west indies,T20I no. 1473,Deepak Chahar,4,0,40,0,10.00,8,3,3,0,0
2,india vs west indies,T20I no. 1473,Yuzvendra Chahal,4,0,31,1,7.75,6,2,1,2,0
3,india vs west indies,T20I no. 1473,Harshal Patel,4,0,46,0,11.50,4,3,3,1,0
4,india vs west indies,T20I no. 1473,Ravi Bishnoi,4,0,30,1,7.50,9,2,1,2,0
0,india vs west indies,T20I no. 1479,Deepak Chahar,1.5,0,15,2,8.18,6,3,0,0,0
1,india vs west indies,T20I no. 1479,Avesh Khan,4,0,42,0,10.50,10,5,2,1,0
2,india vs west indies,T20I no. 1479,Venkatesh Iyer,2.1,0,23,2,10.61,5,3,1,0,0
3,india vs west indies,T20I no. 1479,Shardul Thakur,4,0,33,2,8.25,12,4,1,3,0
4,india vs west indies,T20I no. 1479,Ravi Bishnoi,4,0,29,0,7.25,12,1,2,2,0
5,india vs west indies,T20I no. 1479,Harshal Patel,4,0,22,3,5.50,13,3,0,1,0
0,india vs sri lanka,T20I no. 1492,Bhuvneshwar Kumar,2,0,9,2,4.50,7,1,0,0,0
1,india vs sri lanka,T20I no. 1492,Jasprit Bumrah,3,0,19,0,6.33,7,2,0,0,0
2,india vs sri lanka,T20I no. 1492,Harshal Patel,2,0,10,0,5.00,4,0,0,0,0
3,india vs sri lanka,T20I no. 1492,Yuzvendra Chahal,3,0,11,1,3.66,8,0,0,0,0
4,india vs sri lanka,T20I no. 1492,Venkatesh Iyer,3,0,36,2,12.00,4,3,2,1,0
5,india vs sri lanka,T20I no. 1492,Ravindra Jadeja,4,0,28,1,7.00,9,2,1,0,0
6,india vs sri lanka,T20I no. 1492,Deepak Hooda,3,0,24,0,8.00,6,1,1,1,0
0,india vs sri lanka,T20I no. 1493,Bhuvneshwar Kumar,4,0,36,1,9.00,8,4,1,1,0
1,india vs sri lanka,T20I no. 1493,Jasprit Bumrah,4,0,24,1,6.00,14,4,0,2,0
2,india vs sri lanka,T20I no. 1493,Harshal Patel,4,0,52,1,13.00,7,4,4,1,0
3,india vs sri lanka,T20I no. 1493,Yuzvendra Chahal,4,0,27,1,6.75,7,3,0,0,0
4,india vs sri lanka,T20I no. 1493,Ravindra Jadeja,4,0,37,1,9.25,8,3,2,0,0
0,india vs sri lanka,T20I no. 1494,Mohammed Siraj,4,0,22,1,5.50,13,3,0,0,0
1,india vs sri lanka,T20I no. 1494,Avesh Khan,4,1,23,2,5.75,15,2,1,2,0
2,india vs sri lanka,T20I no. 1494,Harshal Patel,4,0,29,1,7.25,9,2,1,1,0
3,india vs sri lanka,T20I no. 1494,Kuldeep Yadav,4,0,22,0,5.50,10,2,0,0,0
4,india vs sri lanka,T20I no. 1494,Ravi Bishnoi,4,0,32,1,8.00,6,3,0,2,0
0,india vs south africa,T20I no. 1554,Bhuvneshwar Kumar,4,0,43,1,10.75,10,4,3,1,0
1,india vs south africa,T20I no. 1554,Avesh Khan,4,0,35,0,8.75,10,5,0,2,1
2,india vs south africa,T20I no. 1554,Yuzvendra Chahal,2.1,0,26,0,12.00,4,4,1,0,0
3,india vs south africa,T20I no. 1554,Hardik Pandya,1,0,18,0,18.00,3,0,3,0,0
4,india vs south africa,T20I no. 1554,Harshal Patel,4,0,43,1,10.75,10,3,4,0,0
5,india vs south africa,T20I no. 1554,Axar Patel,4,0,40,1,10.00,3,1,3,0,0
0,india vs south africa,T20I no. 1569,Bhuvneshwar Kumar,4,0,13,4,3.25,17,2,0,0,0
1,india vs south africa,T20I no. 1569,Avesh Khan,3,0,17,0,5.66,11,3,0,0,0
2,india vs south africa,T20I no. 1569,Hardik Pandya,3,0,31,0,10.33,6,3,2,0,0
3,india vs south africa,T20I no. 1569,Yuzvendra Chahal,4,0,49,1,12.25,7,3,4,1,0
4,india vs south africa,T20I no. 1569,Harshal Patel,3,0,17,1,5.66,6,1,0,1,0
5,india vs south africa,T20I no. 1569,Axar Patel,1,0,19,0,19.00,0,2,1,0,0
6,india vs south africa,T20I no. 1569,Shreyas Iyer,0.2,0,2,0,6.00,1,0,0,0,0
0,india vs south africa,T20I no. 1571,Bhuvneshwar Kumar,4,0,21,1,5.25,10,2,0,0,0
1,india vs south africa,T20I no. 1571,Avesh Khan,4,0,35,0,8.75,9,4,1,0,0
2,india vs south africa,T20I no. 1571,Axar Patel,4,0,28,1,7.00,12,1,2,0,0
3,india vs south africa,T20I no. 1571,Yuzvendra Chahal,4,0,20,3,5.00,11,1,0,3,0
4,india vs south africa,T20I no. 1571,Harshal Patel,3.1,0,25,4,7.89,5,2,1,0,0
0,india vs south africa,T20I no. 1572,Bhuvneshwar Kumar,2,0,8,0,4.00,8,1,0,0,0
1,india vs south africa,T20I no. 1572,Hardik Pandya,1,0,12,0,12.00,1,2,0,0,0
2,india vs south africa,T20I no. 1572,Avesh Khan,4,0,18,4,4.50,15,2,0,0,0
3,india vs south africa,T20I no. 1572,Harshal Patel,2,0,3,1,1.50,9,0,0,0,0
4,india vs south africa,T20I no. 1572,Yuzvendra Chahal,4,0,21,2,5.25,12,1,1,1,0
5,india vs south africa,T20I no. 1572,Axar Patel,3.5,0,19,1,4.95,12,1,1,0,0
0,ireland vs india,T20I no. 1580,Bhuvneshwar Kumar,3,1,16,1,5.33,11,1,1,0,0
1,ireland vs india,T20I no. 1580,Hardik Pandya,2,0,26,1,13.00,5,2,2,1,0
2,ireland vs india,T20I no. 1580,Avesh Khan,2,0,22,1,11.00,4,2,1,1,0
3,ireland vs india,T20I no. 1580,Axar Patel,1,0,12,0,12.00,0,2,0,0,0
4,ireland vs india,T20I no. 1580,Umran Malik,1,0,14,0,14.00,1,1,1,1,0
5,ireland vs india,T20I no. 1580,Yuzvendra Chahal,3,0,11,1,3.66,7,0,0,0,0
0,ireland vs india,T20I no. 1586,Bhuvneshwar Kumar,4,0,46,1,11.50,10,7,2,1,0
1,ireland vs india,T20I no. 1586,Hardik Pandya,2,0,18,0,9.00,8,1,2,1,0
2,ireland vs india,T20I no. 1586,Harshal Patel,4,0,54,1,13.50,9,2,6,1,1
3,ireland vs india,T20I no. 1586,Ravi Bishnoi,4,0,41,1,10.25,9,4,2,2,1
4,ireland vs india,T20I no. 1586,Umran Malik,4,0,42,1,10.50,10,4,2,3,2
5,ireland vs india,T20I no. 1586,Axar Patel,2,0,12,0,6.00,3,1,0,0,0
0,england vs india,T20I no. 1616,Bhuvneshwar Kumar,3,0,10,1,3.33,11,1,0,0,0
1,england vs india,T20I no. 1616,Arshdeep Singh,3.3,1,18,2,5.14,13,2,0,2,0
2,england vs india,T20I no. 1616,Hardik Pandya,4,0,33,4,8.25,10,3,1,1,0
3,england vs india,T20I no. 1616,Harshal Patel,3,0,24,1,8.00,9,3,1,0,0
4,england vs india,T20I no. 1616,Yuzvendra Chahal,4,0,32,2,8.00,9,2,2,0,0
5,england vs india,T20I no. 1616,Axar Patel,2,0,23,0,11.50,2,2,1,1,0
0,england vs india,T20I no. 1628,Bhuvneshwar Kumar,3,1,15,3,5.00,11,2,0,0,0
1,england vs india,T20I no. 1628,Jasprit Bumrah,3,1,10,2,3.33,11,1,0,0,0
2,england vs india,T20I no. 1628,Hardik Pandya,3,0,29,1,9.66,6,2,2,0,0
3,england vs india,T20I no. 1628,Harshal Patel,4,0,34,1,8.50,11,5,1,1,0
4,england vs india,T20I no. 1628,Yuzvendra Chahal,2,0,10,2,5.00,5,1,0,0,0
5,england vs india,T20I no. 1628,Ravindra Jadeja,2,0,22,0,11.00,1,2,1,0,0
0,england vs india,T20I no. 1631,Avesh Khan,4,0,43,1,10.75,12,2,3,1,1
1,england vs india,T20I no. 1631,Umran Malik,4,0,56,1,14.00,7,6,3,3,0
2,england vs india,T20I no. 1631,Ravi Bishnoi,4,0,30,2,7.50,11,2,1,0,1
3,england vs india,T20I no. 1631,Ravindra Jadeja,4,0,45,0,11.25,7,2,4,1,0
4,england vs india,T20I no. 1631,Harshal Patel,4,0,35,2,8.75,8,2,2,0,0
0,west indies vs india,T20I no. 1702,Bhuvneshwar Kumar,2,1,11,1,5.50,8,2,0,0,0
1,west indies vs india,T20I no. 1702,Arshdeep Singh,4,0,24,2,6.00,10,1,1,1,1
2,west indies vs india,T20I no. 1702,Ravindra Jadeja,4,0,26,1,6.50,12,3,1,0,0
3,west indies vs india,T20I no. 1702,Ravichandran Ashwin,4,0,22,2,5.50,13,0,2,0,0
4,west indies vs india,T20I no. 1702,Hardik Pandya,2,0,12,0,6.00,5,0,1,0,0
5,west indies vs india,T20I no. 1702,Ravi Bishnoi,4,0,26,2,6.50,12,2,1,2,1
0,west indies vs india,T20I no. 1718,Bhuvneshwar Kumar,2,0,12,0,6.00,6,2,0,0,0
1,west indies vs india,T20I no. 1718,Arshdeep Singh,4,0,26,1,6.50,10,3,0,0,1
2,west indies vs india,T20I no. 1718,Ravindra Jadeja,3,0,16,1,5.33,8,1,0,0,0
3,west indies vs india,T20I no. 1718,Ravichandran Ashwin,4,0,32,1,8.00,7,3,1,0,0
4,west indies vs india,T20I no. 1718,Hardik Pandya,4,0,22,1,5.50,11,1,1,1,0
5,west indies vs india,T20I no. 1718,Avesh Khan,2.2,0,31,1,13.28,6,2,3,0,1
0,west indies vs india,T20I no. 1720,Deepak Hooda,1,0,1,0,1.00,5,0,0,0,0
1,west indies vs india,T20I no. 1720,Bhuvneshwar Kumar,4,0,35,2,8.75,11,3,2,0,0
2,west indies vs india,T20I no. 1720,Avesh Khan,3,0,47,0,15.66,2,4,3,2,0
3,west indies vs india,T20I no. 1720,Hardik Pandya,4,0,19,1,4.75,13,1,1,0,0
4,west indies vs india,T20I no. 1720,Arshdeep Singh,4,0,33,1,8.25,8,4,1,0,0
5,west indies vs india,T20I no. 1720,Ravichandran Ashwin,4,0,26,0,6.50,12,3,1,0,0
0,india vs west indies,T20I no. 1725,Bhuvneshwar Kumar,3,0,21,0,7.00,8,3,0,1,0
1,india vs west indies,T20I no. 1725,Avesh Khan,4,0,17,2,4.25,14,2,0,1,0
2,india vs west indies,T20I no. 1725,Axar Patel,4,0,48,2,12.00,11,2,5,3,0
3,india vs west indies,T20I no. 1725,Arshdeep Singh,3.1,0,12,3,3.78,13,2,0,0,0
4,india vs west indies,T20I no. 1725,Ravi Bishnoi,4,0,27,2,6.75,14,2,2,0,0
5,india vs west indies,T20I no. 1725,Deepak Hooda,1,0,4,0,4.00,2,0,0,0,0
0,india vs west indies,T20I no. 1726,Axar Patel,3,1,15,3,5.00,13,3,0,1,0
1,india vs west indies,T20I no. 1726,Arshdeep Singh,2,0,18,0,9.00,3,3,0,0,0
2,india vs west indies,T20I no. 1726,Avesh Khan,2,0,20,0,10.00,6,1,2,1,0
3,india vs west indies,T20I no. 1726,Hardik Pandya,2,0,19,0,9.50,3,0,2,0,0
4,india vs west indies,T20I no. 1726,Kuldeep Yadav,4,1,12,3,3.00,16,1,0,0,0
5,india vs west indies,T20I no. 1726,Ravi Bishnoi,2.4,0,16,4,6.00,12,2,0,2,0
0,india vs pakistan,T20I no. 1750,Bhuvneshwar Kumar,4,0,26,4,6.50,13,3,1,0,0
1,india vs pakistan,T20I no. 1750,Arshdeep Singh,3.5,0,33,2,8.60,13,4,1,2,0
2,india vs pakistan,T20I no. 1750,Hardik Pandya,4,0,25,3,6.25,10,2,0,2,0
3,india vs pakistan,T20I no. 1750,Avesh Khan,2,0,19,1,9.50,4,2,1,0,0
4,india vs pakistan,T20I no. 1750,Yuzvendra Chahal,4,0,32,0,8.00,4,1,1,0,0
5,india vs pakistan,T20I no. 1750,Ravindra Jadeja,2,0,11,0,5.50,4,1,0,0,0
0,hong kong vs india,T20I no. 1754,Bhuvneshwar Kumar,3,0,15,1,5.00,11,0,1,1,0
1,hong kong vs india,T20I no. 1754,Arshdeep Singh,4,0,44,1,11.00,7,8,0,0,2
2,hong kong vs india,T20I no. 1754,Ravindra Jadeja,4,0,15,1,3.75,12,0,0,2,0
3,hong kong vs india,T20I no. 1754,Avesh Khan,4,0,53,1,13.25,7,5,4,0,0
4,hong kong vs india,T20I no. 1754,Yuzvendra Chahal,4,0,18,0,4.50,11,1,0,0,0
5,hong kong vs india,T20I no. 1754,Virat Kohli,1,0,6,0,6.00,1,0,0,0,0
0,india vs pakistan,T20I no. 1758,Bhuvneshwar Kumar,4,0,40,1,10.00,8,5,1,2,0
1,india vs pakistan,T20I no. 1758,Arshdeep Singh,3.5,0,27,1,7.04,10,2,1,0,0
2,india vs pakistan,T20I no. 1758,Ravi Bishnoi,4,0,26,1,6.50,8,0,1,3,0
3,india vs pakistan,T20I no. 1758,Hardik Pandya,4,0,44,1,11.00,6,6,1,1,0
4,india vs pakistan,T20I no. 1758,Yuzvendra Chahal,4,0,43,1,10.75,6,6,1,0,0
0,india vs sri lanka,T20I no. 1759,Bhuvneshwar Kumar,4,0,30,0,7.50,8,4,0,2,0
1,india vs sri lanka,T20I no. 1759,Arshdeep Singh,3.5,0,40,0,10.43,4,4,1,0,0
2,india vs sri lanka,T20I no. 1759,Hardik Pandya,4,0,35,0,8.75,6,2,2,0,0
3,india vs sri lanka,T20I no. 1759,Yuzvendra Chahal,4,0,34,3,8.50,9,1,3,1,0
4,india vs sri lanka,T20I no. 1759,Ravichandran Ashwin,4,0,32,1,8.00,6,1,2,0,0
0,afghanistan vs india,"T20I
                                    no. 1761","Bhuvneshwar
                                      Kumar",4,1,4,5,1.00,20,0,0,0,0
1,afghanistan vs india,"T20I
                                    no. 1761","Deepak
                                      Chahar",4,0,28,0,7.00,8,3,0,0,0
2,afghanistan vs india,"T20I
                                    no. 1761","Arshdeep
                                      Singh",2,0,7,1,3.50,8,1,0,0,0
3,afghanistan vs india,"T20I
                                    no. 1761","Axar
                                      Patel",4,0,24,0,6.00,10,3,0,0,0
4,afghanistan vs india,"T20I
                                    no. 1761","Ravichandran
                                      Ashwin",4,0,27,1,6.75,13,2,1,3,0
5,afghanistan vs india,"T20I
                                    no. 1761","Deepak
                                      Hooda",1,0,3,1,3.00,3,0,0,0,0
6,afghanistan vs india,"T20I
                                    no. 1761","Dinesh
                                      Karthik",1,0,18,0,18.00,1,0,2,0,0
0,india vs australia,T20I no. 1788,Bhuvneshwar Kumar,4,0,52,0,13.00,7,8,1,4,0
1,india vs australia,T20I no. 1788,Umesh Yadav,2,0,27,2,13.50,5,5,1,0,0
2,india vs australia,T20I no. 1788,Axar Patel,4,0,17,3,4.25,12,0,1,0,0
3,india vs australia,T20I no. 1788,Yuzvendra Chahal,3.2,0,42,1,12.60,5,5,2,1,0
4,india vs australia,T20I no. 1788,Harshal Patel,4,0,49,0,12.25,7,3,4,1,0
5,india vs australia,T20I no. 1788,Hardik Pandya,2,0,22,0,11.00,2,4,0,0,0
0,india vs australia,T20I no. 1794,Hardik Pandya,1,0,10,0,10.00,2,2,0,0,0
1,india vs australia,T20I no. 1794,Axar Patel,2,0,13,2,6.50,8,3,0,0,0
2,india vs australia,T20I no. 1794,Yuzvendra Chahal,1,0,12,0,12.00,0,0,1,0,0
3,india vs australia,T20I no. 1794,Jasprit Bumrah,2,0,23,1,11.50,1,3,0,1,0
4,india vs australia,T20I no. 1794,Harshal Patel,2,0,32,0,16.00,2,2,3,0,0
0,india vs australia,T20I no. 1796,Bhuvneshwar Kumar,3,0,39,1,13.00,6,2,3,2,0
1,india vs australia,T20I no. 1796,Axar Patel,4,0,33,3,8.25,12,7,0,0,0
2,india vs australia,T20I no. 1796,Jasprit Bumrah,4,0,50,0,12.50,5,3,3,0,0
3,india vs australia,T20I no. 1796,Hardik Pandya,3,0,23,0,7.66,10,3,1,0,0
4,india vs australia,T20I no. 1796,Yuzvendra Chahal,4,0,22,1,5.50,8,1,0,0,0
5,india vs australia,T20I no. 1796,Harshal Patel,2,0,18,1,9.00,7,0,2,1,1
0,india vs south africa,T20I no. 1800,Deepak Chahar,4,0,24,2,6.00,14,1,2,0,0
1,india vs south africa,T20I no. 1800,Arshdeep Singh,4,0,32,3,8.00,14,4,1,2,0
2,india vs south africa,T20I no. 1800,Ravichandran Ashwin,4,1,8,0,2.00,16,0,0,0,0
3,india vs south africa,T20I no. 1800,Harshal Patel,4,0,26,2,6.50,11,2,1,2,0
4,india vs south africa,T20I no. 1800,Axar Patel,4,0,16,1,4.00,15,2,0,1,0
0,india vs south africa,T20I no. 1803,Deepak Chahar,4,1,24,0,6.00,12,3,0,1,0
1,india vs south africa,T20I no. 1803,Arshdeep Singh,,4,0,2,62,5,4,4,15.50,2
2,india vs south africa,T20I no. 1803,Ravichandran Ashwin,3,,4,0,0,7,2,2,37,9.25
3,india vs south africa,T20I no. 1803,Axar Patel,4,0,,1,4,5,2,5,0,53
4,india vs south africa,T20I no. 1803,Harshal Patel,13.25,0,0,0,,2,4,1,4,0
0,india vs south africa,T20I no. 1805,Deepak Chahar,4,0,48,1,12.00,11,1,5,3,1
1,india vs south africa,T20I no. 1805,Mohammed Siraj,4,0,44,0,11.00,7,4,2,1,1
2,india vs south africa,T20I no. 1805,Ravichandran Ashwin,4,0,35,0,8.75,7,1,3,0,0
3,india vs south africa,T20I no. 1805,Umesh Yadav,3,0,34,1,11.33,6,4,2,0,0
4,india vs south africa,T20I no. 1805,Harshal Patel,4,0,49,0,12.25,5,4,3,2,0
5,india vs south africa,T20I no. 1805,Axar Patel,1,0,13,0,13.00,1,1,1,0,0
0,india vs pakistan,T20I no. 1842,Bhuvneshwar Kumar,4,0,22,1,5.50,17,1,1,3,0
1,india vs pakistan,T20I no. 1842,Arshdeep Singh,4,0,32,3,8.00,10,3,1,1,0
2,india vs pakistan,T20I no. 1842,Mohammed Shami,4,0,25,1,6.25,14,4,0,1,0
3,india vs pakistan,T20I no. 1842,Hardik Pandya,4,0,30,3,7.50,10,4,0,0,0
4,india vs pakistan,T20I no. 1842,Ravichandran Ashwin,3,0,23,0,7.66,5,0,1,1,0
5,india vs pakistan,T20I no. 1842,Axar Patel,1,0,21,0,21.00,2,0,3,0,0
0,india vs netherlands,T20I no. 1848,Bhuvneshwar Kumar,3,2,9,2,3.00,14,1,0,0,0
1,india vs netherlands,T20I no. 1848,Arshdeep Singh,4,0,37,2,9.25,9,6,0,1,1
2,india vs netherlands,T20I no. 1848,Mohammed Shami,4,0,27,1,6.75,10,2,0,0,0
3,india vs netherlands,T20I no. 1848,Axar Patel,4,0,18,2,4.50,11,0,0,0,0
4,india vs netherlands,T20I no. 1848,Hardik Pandya,1,0,9,0,9.00,1,0,0,1,0
5,india vs netherlands,T20I no. 1848,Ravichandran Ashwin,4,0,21,2,5.25,13,1,1,1,0
0,india vs south africa,T20I no. 1853,Bhuvneshwar Kumar,3.4,0,21,0,5.72,13,2,1,0,0
1,india vs south africa,T20I no. 1853,Arshdeep Singh,4,0,25,2,6.25,13,4,0,1,0
2,india vs south africa,T20I no. 1853,Mohammed Shami,4,0,13,1,3.25,15,1,0,0,0
3,india vs south africa,T20I no. 1853,Hardik Pandya,4,0,29,1,7.25,8,3,0,0,0
4,india vs south africa,T20I no. 1853,Ravichandran Ashwin,4,0,43,1,10.75,5,1,4,0,0
0,bangladesh vs india,T20I no. 1860,Bhuvneshwar Kumar,3,0,27,0,9.00,7,2,2,0,0
1,bangladesh vs india,T20I no. 1860,Arshdeep Singh,4,0,38,2,9.50,10,5,1,0,0
2,bangladesh vs india,T20I no. 1860,Mohammed Shami,3,0,25,1,8.33,7,2,1,0,0
3,bangladesh vs india,T20I no. 1860,Axar Patel,1,0,6,0,6.00,2,0,0,0,0
4,bangladesh vs india,T20I no. 1860,Ravichandran Ashwin,2,0,19,0,9.50,4,3,0,1,0
5,bangladesh vs india,T20I no. 1860,Hardik Pandya,3,0,28,2,9.33,8,1,3,0,0
0,india vs zimbabwe,T20I no. 1873,Bhuvneshwar Kumar,3,1,11,1,3.66,14,1,0,1,0
1,india vs zimbabwe,T20I no. 1873,Arshdeep Singh,2,0,9,1,4.50,9,1,0,2,0
2,india vs zimbabwe,T20I no. 1873,Mohammed Shami,2,0,14,2,7.00,7,1,1,0,0
3,india vs zimbabwe,T20I no. 1873,Hardik Pandya,3,0,16,2,5.33,10,1,0,2,1
4,india vs zimbabwe,T20I no. 1873,Ravichandran Ashwin,4,0,22,3,5.50,13,3,0,1,0
5,india vs zimbabwe,T20I no. 1873,Axar Patel,3.2,0,40,1,12.00,4,5,1,0,0
0,england vs india,T20I no. 1878,Bhuvneshwar Kumar,2,0,25,0,12.50,4,3,1,1,0
1,england vs india,T20I no. 1878,Arshdeep Singh,2,0,15,0,7.50,4,2,0,1,0
2,england vs india,T20I no. 1878,Axar Patel,4,0,30,0,7.50,10,2,2,0,0
3,england vs india,T20I no. 1878,Mohammed Shami,3,0,39,0,13.00,7,4,3,0,0
4,england vs india,T20I no. 1878,Ravichandran Ashwin,2,0,27,0,13.50,1,1,2,1,0
5,england vs india,T20I no. 1878,Hardik Pandya,3,0,34,0,11.33,5,1,2,0,0
0,new zealand vs india,T20I no. 1898,Bhuvneshwar Kumar,3,0,12,1,4.00,10,1,0,0,0
1,new zealand vs india,T20I no. 1898,Arshdeep Singh,3,0,29,0,9.66,8,2,1,2,0
2,new zealand vs india,T20I no. 1898,Mohammed Siraj,4,1,24,2,6.00,13,2,1,1,0
3,new zealand vs india,T20I no. 1898,Washington Sundar,2,0,24,1,12.00,3,3,1,0,0
4,new zealand vs india,T20I no. 1898,Yuzvendra Chahal,4,0,26,2,6.50,6,0,1,0,0
5,new zealand vs india,T20I no. 1898,Deepak Hooda,2.5,0,10,4,3.52,8,0,0,0,0
0,new zealand vs india,T20I no. 1911,Bhuvneshwar Kumar,4,0,35,0,8.75,14,2,2,2,0
1,new zealand vs india,T20I no. 1911,Arshdeep Singh,4,0,37,4,9.25,14,6,1,1,1
2,new zealand vs india,T20I no. 1911,Mohammed Siraj,4,0,17,4,4.25,14,2,0,1,0
3,new zealand vs india,T20I no. 1911,Deepak Hooda,1,0,3,0,3.00,3,0,0,0,0
4,new zealand vs india,T20I no. 1911,Yuzvendra Chahal,3,0,35,0,11.66,4,4,1,0,0
5,new zealand vs india,T20I no. 1911,Harshal Patel,3.4,0,28,1,7.63,7,1,1,0,0
0,india vs sri lanka,T20I no. 1984,Hardik Pandya,3,0,12,0,4.00,13,2,0,1,0
1,india vs sri lanka,T20I no. 1984,Shivam Mavi,4,0,22,4,5.50,14,4,0,0,0
2,india vs sri lanka,T20I no. 1984,Umran Malik,4,0,27,2,6.75,12,3,1,1,0
3,india vs sri lanka,T20I no. 1984,Yuzvendra Chahal,2,0,26,0,13.00,2,0,3,0,0
4,india vs sri lanka,T20I no. 1984,Harshal Patel,4,0,41,2,10.25,9,3,2,1,1
5,india vs sri lanka,T20I no. 1984,Axar Patel,3,0,31,0,10.33,3,1,2,1,0
0,india vs sri lanka,T20I no. 1985,Hardik Pandya,2,0,13,0,6.50,7,0,1,1,0
1,india vs sri lanka,T20I no. 1985,Arshdeep Singh,2,0,37,0,18.50,4,3,2,0,5
2,india vs sri lanka,T20I no. 1985,Shivam Mavi,4,0,53,0,13.25,6,3,4,2,1
3,india vs sri lanka,T20I no. 1985,Axar Patel,4,0,24,2,6.00,9,1,1,0,0
4,india vs sri lanka,T20I no. 1985,Yuzvendra Chahal,4,0,30,1,7.50,5,0,2,0,0
5,india vs sri lanka,T20I no. 1985,Umran Malik,4,0,48,3,12.00,8,3,4,1,1
0,india vs sri lanka,T20I no. 1986,Hardik Pandya,4,0,30,2,7.50,13,2,2,2,0
1,india vs sri lanka,T20I no. 1986,Arshdeep Singh,2.4,0,20,3,7.50,9,3,0,4,0
2,india vs sri lanka,T20I no. 1986,Shivam Mavi,1,0,6,0,6.00,3,1,0,0,0
3,india vs sri lanka,T20I no. 1986,Axar Patel,3,0,19,1,6.33,8,1,1,1,0
4,india vs sri lanka,T20I no. 1986,Umran Malik,3,0,31,2,10.33,7,5,0,3,1
5,india vs sri lanka,T20I no. 1986,Yuzvendra Chahal,3,0,30,2,10.00,6,0,3,1,0
0,india vs new zealand,T20I no. 1990,Hardik Pandya,3,0,33,0,11.00,3,2,2,1,0
1,india vs new zealand,T20I no. 1990,Arshdeep Singh,4,0,51,1,12.75,11,4,4,2,1
2,india vs new zealand,T20I no. 1990,Washington Sundar,4,0,22,2,5.50,11,1,1,0,0
3,india vs new zealand,T20I no. 1990,Deepak Hooda,2,0,14,0,7.00,4,2,0,0,0
4,india vs new zealand,T20I no. 1990,Umran Malik,1,0,16,0,16.00,1,2,1,0,0
5,india vs new zealand,T20I no. 1990,Kuldeep Yadav,4,0,20,1,5.00,10,2,0,0,0
6,india vs new zealand,T20I no. 1990,Shivam Mavi,2,0,19,1,9.50,3,3,0,0,0
0,india vs new zealand,T20I no. 1991,Hardik Pandya,4,0,25,1,6.25,9,3,0,1,0
1,india vs new zealand,T20I no. 1991,Washington Sundar,3,0,17,1,5.66,11,1,0,1,0
2,india vs new zealand,T20I no. 1991,Yuzvendra Chahal,2,1,4,1,2.00,10,0,0,1,0
3,india vs new zealand,T20I no. 1991,Deepak Hooda,4,0,17,1,4.25,9,0,0,0,0
4,india vs new zealand,T20I no. 1991,Kuldeep Yadav,4,0,17,1,4.25,10,1,0,0,0
5,india vs new zealand,T20I no. 1991,Arshdeep Singh,2,0,7,2,3.50,7,0,0,0,0
6,india vs new zealand,T20I no. 1991,Shivam Mavi,1,0,11,0,11.00,0,1,0,2,0
0,india vs new zealand,T20I no. 1992,Hardik Pandya,4,0,16,4,4.00,14,0,1,0,0
1,india vs new zealand,T20I no. 1992,Arshdeep Singh,3,0,16,2,5.33,10,1,1,0,0
2,india vs new zealand,T20I no. 1992,Umran Malik,2.1,0,9,2,4.15,9,1,0,1,0
3,india vs new zealand,T20I no. 1992,Kuldeep Yadav,1,0,12,0,12.00,1,0,1,0,0
4,india vs new zealand,T20I no. 1992,Shivam Mavi,2,0,12,2,6.00,7,0,1,1,0
0,west indies vs india,T20I no. 2188,Arshdeep Singh,4,0,31,2,7.75,12,3,1,4,0
1,west indies vs india,T20I no. 2188,Mukesh Kumar,3,0,24,0,8.00,3,2,0,0,1
2,west indies vs india,T20I no. 2188,Axar Patel,2,0,22,0,11.00,4,1,2,0,0
3,west indies vs india,T20I no. 2188,Yuzvendra Chahal,3,0,24,2,8.00,7,1,2,0,0
4,west indies vs india,T20I no. 2188,Hardik Pandya,4,0,27,1,6.75,11,2,1,1,0
5,west indies vs india,T20I no. 2188,Kuldeep Yadav,4,0,20,1,5.00,10,1,0,1,0
0,west indies vs india,T20I no. 2191,Hardik Pandya,4,0,35,3,8.75,10,4,1,0,0
1,west indies vs india,T20I no. 2191,Arshdeep Singh,4,0,34,1,8.50,7,2,2,0,0
2,west indies vs india,T20I no. 2191,Mukesh Kumar,3.5,0,35,1,9.13,8,3,2,0,0
3,west indies vs india,T20I no. 2191,Ravi Bishnoi,4,0,31,0,7.75,12,3,2,0,0
4,west indies vs india,T20I no. 2191,Yuzvendra Chahal,3,0,19,2,6.33,7,0,1,1,0
0,west indies vs india,T20I no. 2192,Hardik Pandya,3,0,18,0,6.00,7,2,0,0,0
1,west indies vs india,T20I no. 2192,Arshdeep Singh,3,0,33,0,11.00,6,2,2,3,0
2,west indies vs india,T20I no. 2192,Axar Patel,4,0,24,1,6.00,13,4,0,1,0
3,west indies vs india,T20I no. 2192,Yuzvendra Chahal,4,0,33,0,8.25,9,2,2,0,0
4,west indies vs india,T20I no. 2192,Kuldeep Yadav,4,0,28,3,7.00,12,2,2,0,0
5,west indies vs india,T20I no. 2192,Mukesh Kumar,2,0,19,1,9.50,4,1,1,1,0
0,india vs west indies,T20I no. 2193,Axar Patel,4,0,39,1,9.75,8,2,3,0,0
1,india vs west indies,T20I no. 2193,Arshdeep Singh,4,0,38,3,9.50,10,2,3,1,0
2,india vs west indies,T20I no. 2193,Yuzvendra Chahal,4,0,36,1,9.00,5,2,2,0,0
3,india vs west indies,T20I no. 2193,Kuldeep Yadav,4,0,26,2,6.50,10,1,1,1,0
4,india vs west indies,T20I no. 2193,Hardik Pandya,1,0,14,0,14.00,1,1,1,0,0
5,india vs west indies,T20I no. 2193,Mukesh Kumar,3,0,25,1,8.33,4,1,1,0,1
0,india vs west indies,T20I no. 2194,Hardik Pandya,3,0,32,0,10.66,8,2,3,0,0
1,india vs west indies,T20I no. 2194,Arshdeep Singh,2,0,20,1,10.00,6,1,2,0,0
2,india vs west indies,T20I no. 2194,Kuldeep Yadav,4,0,18,0,4.50,12,1,0,2,0
3,india vs west indies,T20I no. 2194,Yuzvendra Chahal,4,0,51,0,12.75,4,1,5,0,0
4,india vs west indies,T20I no. 2194,Mukesh Kumar,1,0,10,0,10.00,0,1,0,1,0
5,india vs west indies,T20I no. 2194,Tilak Varma,2,0,17,1,8.50,5,1,1,0,0
6,india vs west indies,T20I no. 2194,Axar Patel,1,0,8,0,8.00,3,1,0,0,0
7,india vs west indies,T20I no. 2194,Yashasvi Jaiswal,1,0,11,0,11.00,1,0,1,0,0
0,ireland vs india,"T20I
                                    no. 2200","Jasprit
                                      Bumrah",4,0,24,2,6.00,16,3,1,1,0
1,ireland vs india,"T20I
                                    no. 2200","Arshdeep
                                      Singh",4,0,35,1,8.75,11,2,2,3,1
2,ireland vs india,"T20I
                                    no. 2200","Prasidh
                                      Krishna",4,0,32,2,8.00,11,4,1,1,0
3,ireland vs india,"T20I
                                    no. 2200","Ravi
                                      Bishnoi",4,0,23,2,5.75,11,1,1,1,0
4,ireland vs india,"T20I
                                    no. 2200","Shivam
                                      Dube",1,0,6,0,6.00,3,1,0,0,0
5,ireland vs india,"T20I
                                    no. 2200","Washington
                                      Sundar",3,0,19,0,6.33,4,1,0,0,0
0,ireland vs india,T20I no. 2208,Jasprit Bumrah,4,1,15,2,3.75,16,0,0,1,0
1,ireland vs india,T20I no. 2208,Arshdeep Singh,4,0,29,1,7.25,13,2,2,1,0
2,ireland vs india,T20I no. 2208,Prasidh Krishna,4,0,29,2,7.25,12,0,3,1,0
3,ireland vs india,T20I no. 2208,Ravi Bishnoi,4,0,37,2,9.25,7,2,2,1,0
4,ireland vs india,T20I no. 2208,Washington Sundar,2,0,19,0,9.50,2,2,0,2,0
5,ireland vs india,T20I no. 2208,Shivam Dube,2,0,18,0,9.00,5,0,2,0,0
