Abc,Match,Match_id,Name,Out/NotOut,Runs,Balls,4s,6s,SR
0,sri lanka vs india,T20I no. 656,Rohit Sharma�(c),Out,0,4,0,0,0
1,sri lanka vs india,T20I no. 656,Shikhar Dhawan,Out,90,49,6,6,183.67
2,sri lanka vs india,T20I no. 656,Suresh Raina,Out,1,3,0,0,33.33
3,sri lanka vs india,T20I no. 656,Manish Pandey,Out,37,35,3,1,105.71
4,sri lanka vs india,T20I no. 656,Rishabh Pant,Out,23,23,1,1,100
5,sri lanka vs india,T20I no. 656,Dinesh Karthik��,Not Out,13,6,2,0,216.66
0,bangladesh vs india,T20I no. 657,Rohit Sharma�(c),Out,17,13,3,0,130.76
1,bangladesh vs india,T20I no. 657,Shikhar Dhawan,Out,55,43,5,2,127.9
2,bangladesh vs india,T20I no. 657,Rishabh Pant,Out,7,8,1,0,87.5
3,bangladesh vs india,T20I no. 657,Suresh Raina,Out,28,27,1,1,103.7
4,bangladesh vs india,T20I no. 657,Manish Pandey,Not Out,27,19,3,0,142.1
5,bangladesh vs india,T20I no. 657,Dinesh Karthik��,Not Out,2,2,0,0,100
0,sri lanka vs india,T20I no. 659,Rohit Sharma�(c),Out,11,7,1,1,157.14
1,sri lanka vs india,T20I no. 659,Shikhar Dhawan,Out,8,10,1,0,80
2,sri lanka vs india,T20I no. 659,KL Rahul,Out,18,17,1,0,105.88
3,sri lanka vs india,T20I no. 659,Suresh Raina,Out,27,15,2,2,180
4,sri lanka vs india,T20I no. 659,Manish Pandey,Not Out,42,31,3,1,135.48
5,sri lanka vs india,T20I no. 659,Dinesh Karthik��,Not Out,39,25,5,0,156
0,bangladesh vs india,T20I no. 660,Rohit Sharma�(c),Out,89,61,5,5,145.9
1,bangladesh vs india,T20I no. 660,Shikhar Dhawan,Out,35,27,5,1,129.62
2,bangladesh vs india,T20I no. 660,Suresh Raina,Out,47,30,5,2,156.66
3,bangladesh vs india,T20I no. 660,Dinesh Karthik��,Not Out,2,2,0,0,100
0,bangladesh vs india,T20I no. 662,Shikhar Dhawan,Out,10,7,0,1,142.85
1,bangladesh vs india,T20I no. 662,Rohit Sharma�(c),Out,56,42,4,3,133.33
2,bangladesh vs india,T20I no. 662,Suresh Raina,Out,0,3,0,0,0
3,bangladesh vs india,T20I no. 662,KL Rahul,Out,24,14,2,1,171.42
4,bangladesh vs india,T20I no. 662,Manish Pandey,Out,28,27,3,0,103.7
5,bangladesh vs india,T20I no. 662,Vijay Shankar,Out,17,19,3,0,89.47
6,bangladesh vs india,T20I no. 662,Dinesh Karthik��,Not Out,29,8,2,3,362.5
7,bangladesh vs india,T20I no. 662,Washington Sundar,Not Out,0,0,0,0,-
0,ireland vs india,T20I no. 678,Rohit Sharma,Out,97,61,8,5,159.01
1,ireland vs india,T20I no. 678,Shikhar Dhawan,Out,74,45,5,5,164.44
2,ireland vs india,T20I no. 678,Suresh Raina,Out,10,6,2,0,166.66
3,ireland vs india,T20I no. 678,MS Dhoni��,Out,11,5,1,1,220
4,ireland vs india,T20I no. 678,Hardik Pandya,Not Out,6,1,0,1,600
5,ireland vs india,T20I no. 678,Virat Kohli�(c),Out,0,2,0,0,0
6,ireland vs india,T20I no. 678,Manish Pandey,Not Out,0,0,0,0,-
0,ireland vs india,T20I no. 680,KL Rahul,Out,70,36,3,6,194.44
1,ireland vs india,T20I no. 680,Virat Kohli�(c),Out,9,8,1,0,112.5
2,ireland vs india,T20I no. 680,Suresh Raina,Out,69,45,5,3,153.33
3,ireland vs india,T20I no. 680,Rohit Sharma,Out,0,2,0,0,0
4,ireland vs india,T20I no. 680,Manish Pandey,Not Out,21,20,1,0,105
5,ireland vs india,T20I no. 680,Hardik Pandya,Not Out,32,9,1,4,355.55
0,england vs india,T20I no. 684,Shikhar Dhawan,Out,4,4,1,0,100
1,england vs india,T20I no. 684,Rohit Sharma,Out,32,30,3,1,106.66
2,england vs india,T20I no. 684,KL Rahul,Not Out,101,54,10,5,187.03
3,england vs india,T20I no. 684,Virat Kohli�(c),Not Out,20,22,0,1,90.9
0,england vs india,T20I no. 688,Rohit Sharma,Out,5,9,1,0,55.55
1,england vs india,T20I no. 688,Shikhar Dhawan,Out,10,12,1,0,83.33
2,england vs india,T20I no. 688,KL Rahul,Out,6,8,0,0,75
3,england vs india,T20I no. 688,Virat Kohli�(c),Out,47,38,1,2,123.68
4,england vs india,T20I no. 688,Suresh Raina,Out,27,20,2,1,135
5,england vs india,T20I no. 688,MS Dhoni��,Not Out,32,24,5,0,133.33
6,england vs india,T20I no. 688,Hardik Pandya,Not Out,12,10,0,1,120
0,england vs india,T20I no. 690,Rohit Sharma,Not Out,100,56,11,5,178.57
1,england vs india,T20I no. 690,Shikhar Dhawan,Out,5,3,1,0,166.66
2,england vs india,T20I no. 690,KL Rahul,Out,19,10,1,2,190
3,england vs india,T20I no. 690,Virat Kohli�(c),Out,43,29,2,2,148.27
4,england vs india,T20I no. 690,Hardik Pandya,Not Out,33,14,4,2,235.71
0,india vs west indies,T20I no. 707,Rohit Sharma�(c),Out,6,6,1,0,100
1,india vs west indies,T20I no. 707,Shikhar Dhawan,Out,3,8,0,0,37.5
2,india vs west indies,T20I no. 707,KL Rahul,Out,16,22,2,0,72.72
3,india vs west indies,T20I no. 707,Rishabh Pant,Out,1,4,0,0,25
4,india vs west indies,T20I no. 707,Manish Pandey,Out,19,24,2,0,79.16
5,india vs west indies,T20I no. 707,Dinesh Karthik��,Not Out,31,34,3,1,91.17
6,india vs west indies,T20I no. 707,Krunal Pandya,Not Out,21,9,3,0,233.33
0,india vs west indies,T20I no. 709,Rohit Sharma�(c),Not Out,111,61,8,7,181.96
1,india vs west indies,T20I no. 709,Shikhar Dhawan,Out,43,41,3,0,104.87
2,india vs west indies,T20I no. 709,Rishabh Pant,Out,5,6,1,0,83.33
3,india vs west indies,T20I no. 709,KL Rahul,Not Out,26,14,2,1,185.71
0,india vs west indies,T20I no. 710,Shikhar Dhawan,Out,92,62,10,2,148.38
1,india vs west indies,T20I no. 710,Rohit Sharma�(c),Out,4,6,1,0,66.66
2,india vs west indies,T20I no. 710,KL Rahul,Out,17,10,4,0,170
3,india vs west indies,T20I no. 710,Rishabh Pant,Out,58,38,5,3,152.63
4,india vs west indies,T20I no. 710,Manish Pandey,Not Out,4,6,0,0,66.66
5,india vs west indies,T20I no. 710,Dinesh Karthik��,Not Out,0,0,0,0,-
0,australia vs india,"T20I
                                    no. 712","Rohit
                                        Sharma",Out,7,8,0,0,87.5
1,australia vs india,"T20I
                                    no. 712","Shikhar
                                        Dhawan",Out,76,42,10,2,180.95
2,australia vs india,"T20I
                                    no. 712","KL
                                        Rahul",Out,13,12,1,0,108.33
3,australia vs india,"T20I
                                    no. 712","Virat
                                        Kohli�(c)",Out,4,8,0,0,50
4,australia vs india,"T20I
                                    no. 712","Rishabh
                                        Pant��",Out,20,16,1,1,125
5,australia vs india,"T20I
                                    no. 712","Dinesh
                                        Karthik",Out,30,13,4,1,230.76
6,australia vs india,"T20I
                                    no. 712","Krunal
                                        Pandya",Out,2,4,0,0,50
7,australia vs india,"T20I
                                    no. 712","Bhuvneshwar
                                        Kumar",Not Out,1,1,0,0,100
8,australia vs india,"T20I
                                    no. 712","Kuldeep
                                        Yadav",Not Out,4,1,1,0,400
0,australia vs india,T20I no. 714,Rohit Sharma,Out,23,16,1,2,143.75
1,australia vs india,T20I no. 714,Shikhar Dhawan,Out,41,22,6,2,186.36
2,australia vs india,T20I no. 714,Virat Kohli�(c),Not Out,61,41,4,2,148.78
3,australia vs india,T20I no. 714,KL Rahul,Out,14,20,0,1,70
4,australia vs india,T20I no. 714,Rishabh Pant��,Out,0,1,0,0,0
5,australia vs india,T20I no. 714,Dinesh Karthik,Not Out,22,18,1,1,122.22
0,new zealand vs india,T20I no. 735,Rohit Sharma�(c),Out,1,5,0,0,20
1,new zealand vs india,T20I no. 735,Shikhar Dhawan,Out,29,18,2,3,161.11
2,new zealand vs india,T20I no. 735,Vijay Shankar,Out,27,18,2,2,150
3,new zealand vs india,T20I no. 735,Rishabh Pant,Out,4,10,0,0,40
4,new zealand vs india,T20I no. 735,MS Dhoni��,Out,39,31,5,1,125.8
5,new zealand vs india,T20I no. 735,Dinesh Karthik,Out,5,6,0,0,83.33
6,new zealand vs india,T20I no. 735,Hardik Pandya,Out,4,4,1,0,100
7,new zealand vs india,T20I no. 735,Krunal Pandya,Out,20,18,1,1,111.11
8,new zealand vs india,T20I no. 735,Bhuvneshwar Kumar,Out,1,3,0,0,33.33
9,new zealand vs india,T20I no. 735,Yuzvendra Chahal,Out,1,3,0,0,33.33
10,new zealand vs india,T20I no. 735,Khaleel Ahmed,Not Out,1,1,0,0,100
0,new zealand vs india,T20I no. 737,Rohit Sharma�(c),Out,50,29,3,4,172.41
1,new zealand vs india,T20I no. 737,Shikhar Dhawan,Out,30,31,2,0,96.77
2,new zealand vs india,T20I no. 737,Rishabh Pant,Not Out,40,28,4,1,142.85
3,new zealand vs india,T20I no. 737,Vijay Shankar,Out,14,8,1,1,175
4,new zealand vs india,T20I no. 737,MS Dhoni��,Not Out,20,17,1,0,117.64
0,new zealand vs india,T20I no. 738,Shikhar Dhawan,Out,5,4,1,0,125
1,new zealand vs india,T20I no. 738,Rohit Sharma�(c),Out,38,32,3,0,118.75
2,new zealand vs india,T20I no. 738,Vijay Shankar,Out,43,28,5,2,153.57
3,new zealand vs india,T20I no. 738,Rishabh Pant,Out,28,12,1,3,233.33
4,new zealand vs india,T20I no. 738,Hardik Pandya,Out,21,11,1,2,190.9
5,new zealand vs india,T20I no. 738,MS Dhoni��,Out,2,4,0,0,50
6,new zealand vs india,T20I no. 738,Dinesh Karthik,Not Out,33,16,0,4,206.25
7,new zealand vs india,T20I no. 738,Krunal Pandya,Not Out,26,13,2,2,200
0,india vs australia,T20I no. 748,Rohit Sharma,Out,5,8,0,0,62.5
1,india vs australia,T20I no. 748,KL Rahul,Out,50,36,6,1,138.88
2,india vs australia,T20I no. 748,Virat Kohli�(c),Out,24,17,3,0,141.17
3,india vs australia,T20I no. 748,Rishabh Pant,Out,3,5,0,0,60
4,india vs australia,T20I no. 748,MS Dhoni��,Not Out,29,37,0,1,78.37
5,india vs australia,T20I no. 748,Dinesh Karthik,Out,1,3,0,0,33.33
6,india vs australia,T20I no. 748,Krunal Pandya,Out,1,6,0,0,16.66
7,india vs australia,T20I no. 748,Umesh Yadav,Out,2,4,0,0,50
8,india vs australia,T20I no. 748,Yuzvendra Chahal,Not Out,0,4,0,0,0
0,india vs australia,T20I no. 749,KL Rahul,Out,47,26,3,4,180.76
1,india vs australia,T20I no. 749,Shikhar Dhawan,Out,14,24,1,0,58.33
2,india vs australia,T20I no. 749,Virat Kohli�(c),Not Out,72,38,2,6,189.47
3,india vs australia,T20I no. 749,Rishabh Pant,Out,1,6,0,0,16.66
4,india vs australia,T20I no. 749,MS Dhoni��,Out,40,23,3,3,173.91
5,india vs australia,T20I no. 749,Dinesh Karthik,Not Out,8,3,2,0,266.66
0,india vs west indies,T20I no. 842,Rohit Sharma,Out,24,25,2,2,96
1,india vs west indies,T20I no. 842,Shikhar Dhawan,Out,1,7,0,0,14.28
2,india vs west indies,T20I no. 842,Virat Kohli�(c),Out,19,29,1,0,65.51
3,india vs west indies,T20I no. 842,Rishabh Pant��,Out,0,1,0,0,0
4,india vs west indies,T20I no. 842,Manish Pandey,Out,19,14,2,0,135.71
5,india vs west indies,T20I no. 842,Krunal Pandya,Out,12,14,1,0,85.71
6,india vs west indies,T20I no. 842,Ravindra Jadeja,Not Out,10,9,0,0,111.11
7,india vs west indies,T20I no. 842,Washington Sundar,Not Out,8,5,0,1,160
0,india vs west indies,T20I no. 843,Rohit Sharma,Out,67,51,6,3,131.37
1,india vs west indies,T20I no. 843,Shikhar Dhawan,Out,23,16,3,0,143.75
2,india vs west indies,T20I no. 843,Virat Kohli�(c),Out,28,23,1,1,121.73
3,india vs west indies,T20I no. 843,Rishabh Pant��,Out,4,5,0,0,80
4,india vs west indies,T20I no. 843,Manish Pandey,Out,6,8,0,0,75
5,india vs west indies,T20I no. 843,Krunal Pandya,Not Out,20,13,0,2,153.84
6,india vs west indies,T20I no. 843,Ravindra Jadeja,Not Out,9,4,0,1,225
0,west indies vs india,T20I no. 846,KL Rahul,Out,20,18,2,1,111.11
1,west indies vs india,T20I no. 846,Shikhar Dhawan,Out,3,5,0,0,60
2,west indies vs india,T20I no. 846,Virat Kohli�(c),Out,59,45,6,0,131.11
3,west indies vs india,T20I no. 846,Rishabh Pant��,Not Out,65,42,4,4,154.76
4,west indies vs india,T20I no. 846,Manish Pandey,Not Out,2,5,0,0,40
0,india vs south africa,T20I no. 888,Rohit Sharma,Out,12,12,0,2,100
1,india vs south africa,T20I no. 888,Shikhar Dhawan,Out,40,31,4,1,129.03
2,india vs south africa,T20I no. 888,Virat Kohli�(c),Not Out,72,52,4,3,138.46
3,india vs south africa,T20I no. 888,Rishabh Pant��,Out,4,5,0,0,80
4,india vs south africa,T20I no. 888,Shreyas Iyer,Not Out,16,14,2,0,114.28
0,india vs south africa,T20I no. 893,Shikhar Dhawan,Out,36,25,4,2,144
1,india vs south africa,T20I no. 893,Rohit Sharma,Out,9,8,2,0,112.5
2,india vs south africa,T20I no. 893,Virat Kohli�(c),Out,9,15,0,0,60
3,india vs south africa,T20I no. 893,Rishabh Pant��,Out,19,20,1,1,95
4,india vs south africa,T20I no. 893,Shreyas Iyer,Out,5,8,0,0,62.5
5,india vs south africa,T20I no. 893,Hardik Pandya,Out,14,18,1,0,77.77
6,india vs south africa,T20I no. 893,Krunal Pandya,Out,4,7,0,0,57.14
7,india vs south africa,T20I no. 893,Ravindra Jadeja,Out,19,17,1,1,111.76
8,india vs south africa,T20I no. 893,Washington Sundar,Out,4,1,1,0,400
9,india vs south africa,T20I no. 893,Deepak Chahar,Not Out,0,0,0,0,-
10,india vs south africa,T20I no. 893,Navdeep Saini,Not Out,0,1,0,0,0
0,india vs bangladesh,T20I no. 1000,Rohit Sharma�(c),Out,9,5,2,0,180
1,india vs bangladesh,T20I no. 1000,Shikhar Dhawan,Out,41,42,3,1,97.61
2,india vs bangladesh,T20I no. 1000,KL Rahul,Out,15,17,2,0,88.23
3,india vs bangladesh,T20I no. 1000,Shreyas Iyer,Out,22,13,1,2,169.23
4,india vs bangladesh,T20I no. 1000,Rishabh Pant��,Out,27,26,3,0,103.84
5,india vs bangladesh,T20I no. 1000,Shivam Dube,Out,1,4,0,0,25
6,india vs bangladesh,T20I no. 1000,Krunal Pandya,Not Out,15,8,1,1,187.5
7,india vs bangladesh,T20I no. 1000,Washington Sundar,Not Out,14,5,0,2,280
0,india vs bangladesh,T20I no. 1007,Rohit Sharma�(c),Out,85,43,6,6,197.67
1,india vs bangladesh,T20I no. 1007,Shikhar Dhawan,Out,31,27,4,0,114.81
2,india vs bangladesh,T20I no. 1007,KL Rahul,Not Out,8,11,0,0,72.72
3,india vs bangladesh,T20I no. 1007,Shreyas Iyer,Not Out,24,13,3,1,184.61
0,india vs bangladesh,T20I no. 1014,Rohit Sharma�(c),Out,2,6,0,0,33.33
1,india vs bangladesh,T20I no. 1014,Shikhar Dhawan,Out,19,16,4,0,118.75
2,india vs bangladesh,T20I no. 1014,KL Rahul,Out,52,35,7,0,148.57
3,india vs bangladesh,T20I no. 1014,Shreyas Iyer,Out,62,33,3,5,187.87
4,india vs bangladesh,T20I no. 1014,Rishabh Pant��,Out,6,9,0,0,66.66
5,india vs bangladesh,T20I no. 1014,Manish Pandey,Not Out,22,13,3,0,169.23
6,india vs bangladesh,T20I no. 1014,Shivam Dube,Not Out,9,8,0,0,112.5
0,india vs west indies,T20I no. 1020,Rohit Sharma,Out,8,10,1,0,80
1,india vs west indies,T20I no. 1020,KL Rahul,Out,62,40,5,4,155
2,india vs west indies,T20I no. 1020,Virat Kohli�(c),Not Out,94,50,6,6,188
3,india vs west indies,T20I no. 1020,Rishabh Pant��,Out,18,9,0,2,200
4,india vs west indies,T20I no. 1020,Shreyas Iyer,Out,4,6,0,0,66.66
5,india vs west indies,T20I no. 1020,Shivam Dube,Not Out,0,0,0,0,-
0,india vs west indies,T20I no. 1022,Rohit Sharma,Out,15,18,2,0,83.33
1,india vs west indies,T20I no. 1022,KL Rahul,Out,11,11,1,0,100
2,india vs west indies,T20I no. 1022,Shivam Dube,Out,54,30,3,4,180
3,india vs west indies,T20I no. 1022,Virat Kohli�(c),Out,19,17,2,0,111.76
4,india vs west indies,T20I no. 1022,Rishabh Pant��,Not Out,33,22,3,1,150
5,india vs west indies,T20I no. 1022,Shreyas Iyer,Out,10,11,1,0,90.9
6,india vs west indies,T20I no. 1022,Ravindra Jadeja,Out,9,11,0,0,81.81
7,india vs west indies,T20I no. 1022,Washington Sundar,Out,0,1,0,0,0
8,india vs west indies,T20I no. 1022,Deepak Chahar,Not Out,1,1,0,0,100
0,india vs west indies,T20I no. 1024,Rohit Sharma,Out,71,34,6,5,208.82
1,india vs west indies,T20I no. 1024,KL Rahul,Out,91,56,9,4,162.5
2,india vs west indies,T20I no. 1024,Rishabh Pant��,Out,0,2,0,0,0
3,india vs west indies,T20I no. 1024,Virat Kohli�(c),Not Out,70,29,4,7,241.37
4,india vs west indies,T20I no. 1024,Shreyas Iyer,Not Out,0,0,0,0,-
0,india vs sri lanka,T20I no. 1026,KL Rahul,Out,45,32,6,0,140.62
1,india vs sri lanka,T20I no. 1026,Shikhar Dhawan,Out,32,29,2,0,110.34
2,india vs sri lanka,T20I no. 1026,Shreyas Iyer,Out,34,26,3,1,130.76
3,india vs sri lanka,T20I no. 1026,Virat Kohli�(c),Not Out,30,17,1,2,176.47
4,india vs sri lanka,T20I no. 1026,Rishabh Pant��,Not Out,1,1,0,0,100
0,india vs sri lanka,T20I no. 1027,KL Rahul,Out,54,36,5,1,150
1,india vs sri lanka,T20I no. 1027,Shikhar Dhawan,Out,52,36,7,1,144.44
2,india vs sri lanka,T20I no. 1027,Sanju Samson��,Out,6,2,0,1,300
3,india vs sri lanka,T20I no. 1027,Manish Pandey,Not Out,31,18,4,0,172.22
4,india vs sri lanka,T20I no. 1027,Shreyas Iyer,Out,4,2,1,0,200
5,india vs sri lanka,T20I no. 1027,Virat Kohli�(c),Out,26,17,2,1,152.94
6,india vs sri lanka,T20I no. 1027,Washington Sundar,Out,0,1,0,0,0
7,india vs sri lanka,T20I no. 1027,Shardul Thakur,Not Out,22,8,1,2,275
0,new zealand vs india,T20I no. 1031,Rohit Sharma,Out,7,6,0,1,116.66
1,new zealand vs india,T20I no. 1031,KL Rahul��,Out,56,27,4,3,207.4
2,new zealand vs india,T20I no. 1031,Virat Kohli�(c),Out,45,32,3,1,140.62
3,new zealand vs india,T20I no. 1031,Shreyas Iyer,Not Out,58,29,5,3,200
4,new zealand vs india,T20I no. 1031,Shivam Dube,Out,13,9,1,1,144.44
5,new zealand vs india,T20I no. 1031,Manish Pandey,Not Out,14,12,0,1,116.66
0,new zealand vs india,T20I no. 1034,Rohit Sharma,Out,8,6,2,0,133.33
1,new zealand vs india,T20I no. 1034,KL Rahul��,Not Out,57,50,3,2,114
2,new zealand vs india,T20I no. 1034,Virat Kohli�(c),Out,11,12,1,0,91.66
3,new zealand vs india,T20I no. 1034,Shreyas Iyer,Out,44,33,1,3,133.33
4,new zealand vs india,T20I no. 1034,Shivam Dube,Not Out,8,4,0,1,200
0,new zealand vs india,T20I no. 1035,Rohit Sharma,Out,65,40,6,3,162.5
1,new zealand vs india,T20I no. 1035,KL Rahul��,Out,27,19,2,1,142.1
2,new zealand vs india,T20I no. 1035,Shivam Dube,Out,3,7,0,0,42.85
3,new zealand vs india,T20I no. 1035,Virat Kohli�(c),Out,38,27,2,1,140.74
4,new zealand vs india,T20I no. 1035,Shreyas Iyer,Out,17,16,0,1,106.25
5,new zealand vs india,T20I no. 1035,Manish Pandey,Not Out,14,6,1,1,233.33
6,new zealand vs india,T20I no. 1035,Ravindra Jadeja,Not Out,10,5,0,1,200
0,new zealand vs india,T20I no. 1036,KL Rahul��,Out,39,26,3,2,150
1,new zealand vs india,T20I no. 1036,Sanju Samson,Out,8,5,0,1,160
2,new zealand vs india,T20I no. 1036,Virat Kohli�(c),Out,11,9,2,0,122.22
3,new zealand vs india,T20I no. 1036,Shreyas Iyer,Out,1,7,0,0,14.28
4,new zealand vs india,T20I no. 1036,Shivam Dube,Out,12,9,2,0,133.33
5,new zealand vs india,T20I no. 1036,Manish Pandey,Not Out,50,36,3,0,138.88
6,new zealand vs india,T20I no. 1036,Washington Sundar,Out,0,3,0,0,0
7,new zealand vs india,T20I no. 1036,Shardul Thakur,Out,20,15,2,0,133.33
8,new zealand vs india,T20I no. 1036,Yuzvendra Chahal,Out,1,2,0,0,50
9,new zealand vs india,T20I no. 1036,Navdeep Saini,Not Out,11,9,2,0,122.22
0,new zealand vs india,T20I no. 1037,KL Rahul��,Out,45,33,4,2,136.36
1,new zealand vs india,T20I no. 1037,Sanju Samson,Out,2,5,0,0,40
2,new zealand vs india,T20I no. 1037,Rohit Sharma�(c),Out,60,41,3,3,146.34
3,new zealand vs india,T20I no. 1037,Shreyas Iyer,Not Out,33,31,1,2,106.45
4,new zealand vs india,T20I no. 1037,Shivam Dube,Out,5,6,1,0,83.33
5,new zealand vs india,T20I no. 1037,Manish Pandey,Not Out,11,4,1,1,275
0,australia vs india,T20I no. 1114,KL Rahul��,Out,51,40,5,1,127.5
1,australia vs india,T20I no. 1114,Shikhar Dhawan,Out,1,6,0,0,16.66
2,australia vs india,T20I no. 1114,Virat Kohli�(c),Out,9,9,1,0,100
3,australia vs india,T20I no. 1114,Sanju Samson,Out,23,15,1,1,153.33
4,australia vs india,T20I no. 1114,Manish Pandey,Out,2,8,0,0,25
5,australia vs india,T20I no. 1114,Hardik Pandya,Out,16,15,0,1,106.66
6,australia vs india,T20I no. 1114,Ravindra Jadeja,Not Out,44,23,5,1,191.3
7,australia vs india,T20I no. 1114,Washington Sundar,Out,7,5,1,0,140
8,australia vs india,T20I no. 1114,Deepak Chahar,Not Out,0,0,0,0,-
0,australia vs india,T20I no. 1115,KL Rahul��,Out,30,22,2,1,136.36
1,australia vs india,T20I no. 1115,Shikhar Dhawan,Out,52,36,4,2,144.44
2,australia vs india,T20I no. 1115,Virat Kohli�(c),Out,40,24,2,2,166.66
3,australia vs india,T20I no. 1115,Sanju Samson,Out,15,10,1,1,150
4,australia vs india,T20I no. 1115,Hardik Pandya,Not Out,42,22,3,2,190.9
5,australia vs india,T20I no. 1115,Shreyas Iyer,Not Out,12,5,1,1,240
0,australia vs india,T20I no. 1116,KL Rahul��,Out,0,2,0,0,0
1,australia vs india,T20I no. 1116,Shikhar Dhawan,Out,28,21,3,0,133.33
2,australia vs india,T20I no. 1116,Virat Kohli�(c),Out,85,61,4,3,139.34
3,australia vs india,T20I no. 1116,Sanju Samson,Out,10,9,0,0,111.11
4,australia vs india,T20I no. 1116,Shreyas Iyer,Out,0,1,0,0,0
5,australia vs india,T20I no. 1116,Hardik Pandya,Out,20,13,1,2,153.84
6,australia vs india,T20I no. 1116,Washington Sundar,Out,7,6,1,0,116.66
7,australia vs india,T20I no. 1116,Shardul Thakur,Not Out,17,7,0,2,242.85
8,australia vs india,T20I no. 1116,Deepak Chahar,Not Out,0,0,0,0,-
0,india vs england,T20I no. 1131,Shikhar Dhawan,Out,4,12,0,0,33.33
1,india vs england,T20I no. 1131,KL Rahul,Out,1,4,0,0,25
2,india vs england,T20I no. 1131,Virat Kohli�(c),Out,0,5,0,0,0
3,india vs england,T20I no. 1131,Rishabh Pant��,Out,21,23,2,1,91.3
4,india vs england,T20I no. 1131,Shreyas Iyer,Out,67,48,8,1,139.58
5,india vs england,T20I no. 1131,Hardik Pandya,Out,19,21,1,1,90.47
6,india vs england,T20I no. 1131,Shardul Thakur,Out,0,1,0,0,0
7,india vs england,T20I no. 1131,Washington Sundar,Not Out,3,3,0,0,100
8,india vs england,T20I no. 1131,Axar Patel,Not Out,7,3,1,0,233.33
0,india vs england,T20I no. 1132,KL Rahul,Out,0,6,0,0,0
1,india vs england,T20I no. 1132,Ishan Kishan,Out,56,32,5,4,175
2,india vs england,T20I no. 1132,Virat Kohli�(c),Not Out,73,49,5,3,148.97
3,india vs england,T20I no. 1132,Rishabh Pant��,Out,26,13,2,2,200
4,india vs england,T20I no. 1132,Shreyas Iyer,Not Out,8,8,0,0,100
0,india vs england,T20I no. 1133,Rohit Sharma,Out,15,17,2,0,88.23
1,india vs england,T20I no. 1133,KL Rahul,Out,0,4,0,0,0
2,india vs england,T20I no. 1133,Ishan Kishan,Out,4,9,0,0,44.44
3,india vs england,T20I no. 1133,Virat Kohli�(c),Not Out,77,46,8,4,167.39
4,india vs england,T20I no. 1133,Rishabh Pant��,Out,25,20,3,0,125
5,india vs england,T20I no. 1133,Shreyas Iyer,Out,9,9,1,0,100
6,india vs england,T20I no. 1133,Hardik Pandya,Out,17,15,0,2,113.33
0,india vs england,T20I no. 1135,Rohit Sharma,Out,12,12,1,1,100
1,india vs england,T20I no. 1135,KL Rahul,Out,14,17,2,0,82.35
2,india vs england,T20I no. 1135,Suryakumar Yadav,Out,57,31,6,3,183.87
3,india vs england,T20I no. 1135,Virat Kohli�(c),Out,1,5,0,0,20
4,india vs england,T20I no. 1135,Rishabh Pant��,Out,30,23,4,0,130.43
5,india vs england,T20I no. 1135,Shreyas Iyer,Out,37,18,5,1,205.55
6,india vs england,T20I no. 1135,Hardik Pandya,Out,11,8,0,1,137.5
7,india vs england,T20I no. 1135,Shardul Thakur,Not Out,10,4,2,0,250
8,india vs england,T20I no. 1135,Washington Sundar,Out,4,2,1,0,200
9,india vs england,T20I no. 1135,Bhuvneshwar Kumar,Not Out,0,0,0,0,-
0,india vs england,T20I no. 1138,Rohit Sharma,Out,64,34,4,5,188.23
1,india vs england,T20I no. 1138,Virat Kohli�(c),Not Out,80,52,7,2,153.84
2,india vs england,T20I no. 1138,Suryakumar Yadav,Out,32,17,3,2,188.23
3,india vs england,T20I no. 1138,Hardik Pandya,Not Out,39,17,4,2,229.41
0,sri lanka vs india,T20I no. 1204,Prithvi Shaw,Out,0,1,0,0,0
1,sri lanka vs india,T20I no. 1204,Shikhar Dhawan�(c),Out,46,36,4,1,127.77
2,sri lanka vs india,T20I no. 1204,Sanju Samson,Out,27,20,2,1,135
3,sri lanka vs india,T20I no. 1204,Suryakumar Yadav,Out,50,34,5,2,147.05
4,sri lanka vs india,T20I no. 1204,Hardik Pandya,Out,10,12,0,0,83.33
5,sri lanka vs india,T20I no. 1204,Ishan Kishan��,Not Out,20,14,1,1,142.85
6,sri lanka vs india,T20I no. 1204,Krunal Pandya,Not Out,3,3,0,0,100
0,sri lanka vs india,"T20I
                                    no. 1206","Ruturaj
                                        Gaikwad",Out,21,18,1,0,116.66
1,sri lanka vs india,"T20I
                                    no. 1206","Shikhar
                                        Dhawan�(c)",Out,40,42,5,0,95.23
2,sri lanka vs india,"T20I
                                    no. 1206","Devdutt
                                        Padikkal",Out,29,23,1,1,126.08
3,sri lanka vs india,"T20I
                                    no. 1206","Sanju
                                        Samson��",Out,7,13,0,0,53.84
4,sri lanka vs india,"T20I
                                    no. 1206","Nitish
                                        Rana",Out,9,12,0,0,75
5,sri lanka vs india,"T20I
                                    no. 1206","Bhuvneshwar
                                        Kumar",Not Out,13,11,0,0,118.18
6,sri lanka vs india,"T20I
                                    no. 1206","Navdeep
                                        Saini",Not Out,1,1,0,0,100
0,sri lanka vs india,T20I no. 1207,Ruturaj Gaikwad,Out,14,10,2,0,140
1,sri lanka vs india,T20I no. 1207,Shikhar Dhawan�(c),Out,0,1,0,0,0
2,sri lanka vs india,T20I no. 1207,Devdutt Padikkal,Out,9,15,1,0,60
3,sri lanka vs india,T20I no. 1207,Sanju Samson��,Out,0,3,0,0,0
4,sri lanka vs india,T20I no. 1207,Nitish Rana,Out,6,15,0,0,40
5,sri lanka vs india,T20I no. 1207,Bhuvneshwar Kumar,Out,16,32,0,0,50
6,sri lanka vs india,T20I no. 1207,Kuldeep Yadav,Not Out,23,28,0,0,82.14
7,sri lanka vs india,T20I no. 1207,Rahul Chahar,Out,5,5,1,0,100
8,sri lanka vs india,T20I no. 1207,Varun Chakravarthy,Out,0,2,0,0,0
9,sri lanka vs india,T20I no. 1207,Chetan Sakariya,Not Out,5,9,0,0,55.55
0,india vs pakistan 16th match,T20I no. 1361,KL Rahul,Out,3,8,0,0,37.5
1,india vs pakistan 16th match,T20I no. 1361,Rohit Sharma,Out,0,1,0,0,0
2,india vs pakistan 16th match,T20I no. 1361,Virat Kohli�(c),Out,57,49,5,1,116.32
3,india vs pakistan 16th match,T20I no. 1361,Suryakumar Yadav,Out,11,8,1,1,137.5
4,india vs pakistan 16th match,T20I no. 1361,Rishabh Pant��,Out,39,30,2,2,130
5,india vs pakistan 16th match,T20I no. 1361,Ravindra Jadeja,Out,13,13,1,0,100
6,india vs pakistan 16th match,T20I no. 1361,Hardik Pandya,Out,11,8,2,0,137.5
7,india vs pakistan 16th match,T20I no. 1361,Bhuvneshwar Kumar,Not Out,5,4,0,0,125
8,india vs pakistan 16th match,T20I no. 1361,Mohammed Shami,Not Out,0,0,0,0,-
0,india vs new zealand 28th match,T20I no. 1381,KL Rahul,Out,18,16,3,0,112.5
1,india vs new zealand 28th match,T20I no. 1381,Ishan Kishan,Out,4,8,1,0,50
2,india vs new zealand 28th match,T20I no. 1381,Rohit Sharma,Out,14,14,1,1,100
3,india vs new zealand 28th match,T20I no. 1381,Virat Kohli�(c),Out,9,17,0,0,52.94
4,india vs new zealand 28th match,T20I no. 1381,Rishabh Pant��,Out,12,19,0,0,63.15
5,india vs new zealand 28th match,T20I no. 1381,Hardik Pandya,Out,23,24,1,0,95.83
6,india vs new zealand 28th match,T20I no. 1381,Ravindra Jadeja,Not Out,26,19,2,1,136.84
7,india vs new zealand 28th match,T20I no. 1381,Shardul Thakur,Out,0,3,0,0,0
8,india vs new zealand 28th match,T20I no. 1381,Mohammed Shami,Not Out,0,0,0,0,-
0,afghanistan vs india 33rd match,"T20I
                                    no. 1390","KL
                                        Rahul",Out,69,48,6,2,143.75
1,afghanistan vs india 33rd match,"T20I
                                    no. 1390","Rohit
                                        Sharma",Out,74,47,8,3,157.44
2,afghanistan vs india 33rd match,"T20I
                                    no. 1390","Rishabh
                                        Pant��",Not Out,27,13,1,3,207.69
3,afghanistan vs india 33rd match,"T20I
                                    no. 1390","Hardik
                                        Pandya",Not Out,35,13,4,2,269.23
0,india vs scotland 37th match,T20I no. 1396,KL Rahul,Out,50,19,6,3,263.15
1,india vs scotland 37th match,T20I no. 1396,Rohit Sharma,Out,30,16,5,1,187.5
2,india vs scotland 37th match,T20I no. 1396,Virat Kohli�(c),Not Out,2,2,0,0,100
3,india vs scotland 37th match,T20I no. 1396,Suryakumar Yadav,Not Out,6,2,0,1,300
0,india vs namibia 42nd match,T20I no. 1410,KL Rahul,Not Out,54,36,4,2,150
1,india vs namibia 42nd match,T20I no. 1410,Rohit Sharma,Out,56,37,7,2,151.35
2,india vs namibia 42nd match,T20I no. 1410,Suryakumar Yadav,Not Out,25,19,4,0,131.57
0,india vs new zealand,T20I no. 1434,KL Rahul,Out,15,14,1,1,107.14
1,india vs new zealand,T20I no. 1434,Rohit Sharma�(c),Out,48,36,5,2,133.33
2,india vs new zealand,T20I no. 1434,Suryakumar Yadav,Out,62,40,6,3,155
3,india vs new zealand,T20I no. 1434,Rishabh Pant��,Not Out,17,17,2,0,100
4,india vs new zealand,T20I no. 1434,Shreyas Iyer,Out,5,8,0,0,62.5
5,india vs new zealand,T20I no. 1434,Venkatesh Iyer,Out,4,2,1,0,200
6,india vs new zealand,T20I no. 1434,Axar Patel,Not Out,1,1,0,0,100
0,india vs new zealand,T20I no. 1440,KL Rahul,Out,65,49,6,2,132.65
1,india vs new zealand,T20I no. 1440,Rohit Sharma�(c),Out,55,36,1,5,152.77
2,india vs new zealand,T20I no. 1440,Venkatesh Iyer,Not Out,12,11,2,0,109.09
3,india vs new zealand,T20I no. 1440,Suryakumar Yadav,Out,1,2,0,0,50
4,india vs new zealand,T20I no. 1440,Rishabh Pant��,Not Out,12,6,0,2,200
0,india vs new zealand,T20I no. 1446,Rohit Sharma�(c),Out,56,31,5,3,180.64
1,india vs new zealand,T20I no. 1446,Ishan Kishan,Out,29,21,6,0,138.09
2,india vs new zealand,T20I no. 1446,Suryakumar Yadav,Out,0,4,0,0,0
3,india vs new zealand,T20I no. 1446,Rishabh Pant��,Out,4,6,0,0,66.66
4,india vs new zealand,T20I no. 1446,Shreyas Iyer,Out,25,20,2,0,125
5,india vs new zealand,T20I no. 1446,Venkatesh Iyer,Out,20,15,1,1,133.33
6,india vs new zealand,T20I no. 1446,Axar Patel,Not Out,2,4,0,0,50
7,india vs new zealand,T20I no. 1446,Harshal Patel,Out,18,11,2,1,163.63
8,india vs new zealand,T20I no. 1446,Deepak Chahar,Not Out,21,8,2,1,262.5
0,india vs west indies,T20I no. 1467,Rohit Sharma�(c),Out,40,19,4,3,210.52
1,india vs west indies,T20I no. 1467,Ishan Kishan,Out,35,42,4,0,83.33
2,india vs west indies,T20I no. 1467,Virat Kohli,Out,17,13,1,0,130.76
3,india vs west indies,T20I no. 1467,Rishabh Pant��,Out,8,8,0,0,100
4,india vs west indies,T20I no. 1467,Suryakumar Yadav,Not Out,34,18,5,1,188.88
5,india vs west indies,T20I no. 1467,Venkatesh Iyer,Not Out,24,13,2,1,184.61
0,india vs west indies,T20I no. 1473,Rohit Sharma�(c),Out,19,18,2,1,105.55
1,india vs west indies,T20I no. 1473,Ishan Kishan,Out,2,10,0,0,20
2,india vs west indies,T20I no. 1473,Virat Kohli,Out,52,41,7,1,126.82
3,india vs west indies,T20I no. 1473,Suryakumar Yadav,Out,8,6,1,0,133.33
4,india vs west indies,T20I no. 1473,Rishabh Pant��,Not Out,52,28,7,1,185.71
5,india vs west indies,T20I no. 1473,Venkatesh Iyer,Out,33,18,4,1,183.33
6,india vs west indies,T20I no. 1473,Harshal Patel,Not Out,1,1,0,0,100
0,india vs west indies,T20I no. 1479,Ruturaj Gaikwad,Out,4,8,1,0,50
1,india vs west indies,T20I no. 1479,Ishan Kishan��,Out,34,31,5,0,109.67
2,india vs west indies,T20I no. 1479,Shreyas Iyer,Out,25,16,4,0,156.25
3,india vs west indies,T20I no. 1479,Rohit Sharma�(c),Out,7,15,0,0,46.66
4,india vs west indies,T20I no. 1479,Suryakumar Yadav,Out,65,31,1,7,209.67
5,india vs west indies,T20I no. 1479,Venkatesh Iyer,Not Out,35,19,4,2,184.21
0,india vs sri lanka,T20I no. 1492,Rohit Sharma�(c),Out,44,32,2,1,137.5
1,india vs sri lanka,T20I no. 1492,Ishan Kishan��,Out,89,56,10,3,158.92
2,india vs sri lanka,T20I no. 1492,Shreyas Iyer,Not Out,57,28,5,2,203.57
3,india vs sri lanka,T20I no. 1492,Ravindra Jadeja,Not Out,3,4,0,0,75
0,india vs sri lanka,T20I no. 1493,Rohit Sharma�(c),Out,1,2,0,0,50
1,india vs sri lanka,T20I no. 1493,Ishan Kishan��,Out,16,15,2,0,106.66
2,india vs sri lanka,T20I no. 1493,Shreyas Iyer,Not Out,74,44,6,4,168.18
3,india vs sri lanka,T20I no. 1493,Sanju Samson,Out,39,25,2,3,156
4,india vs sri lanka,T20I no. 1493,Ravindra Jadeja,Not Out,45,18,7,1,250
0,india vs sri lanka,T20I no. 1494,Sanju Samson��,Out,18,12,3,0,150
1,india vs sri lanka,T20I no. 1494,Rohit Sharma�(c),Out,5,9,1,0,55.55
2,india vs sri lanka,T20I no. 1494,Shreyas Iyer,Not Out,73,45,9,1,162.22
3,india vs sri lanka,T20I no. 1494,Deepak Hooda,Out,21,16,1,1,131.25
4,india vs sri lanka,T20I no. 1494,Venkatesh Iyer,Out,5,4,1,0,125
5,india vs sri lanka,T20I no. 1494,Ravindra Jadeja,Not Out,22,15,3,0,146.66
0,india vs south africa,T20I no. 1554,Ishan Kishan,Out,76,48,11,3,158.33
1,india vs south africa,T20I no. 1554,Ruturaj Gaikwad,Out,23,15,0,3,153.33
2,india vs south africa,T20I no. 1554,Shreyas Iyer,Out,36,27,1,3,133.33
3,india vs south africa,T20I no. 1554,Rishabh Pant�(c)�,Out,29,16,2,2,181.25
4,india vs south africa,T20I no. 1554,Hardik Pandya,Not Out,31,12,2,3,258.33
5,india vs south africa,T20I no. 1554,Dinesh Karthik,Not Out,1,2,0,0,50
0,india vs south africa,T20I no. 1569,Ruturaj Gaikwad,Out,1,4,0,0,25
1,india vs south africa,T20I no. 1569,Ishan Kishan,Out,34,21,2,3,161.9
2,india vs south africa,T20I no. 1569,Shreyas Iyer,Out,40,35,2,2,114.28
3,india vs south africa,T20I no. 1569,Rishabh Pant�(c)�,Out,5,7,0,0,71.42
4,india vs south africa,T20I no. 1569,Hardik Pandya,Out,9,12,1,0,75
5,india vs south africa,T20I no. 1569,Axar Patel,Out,10,11,1,0,90.9
6,india vs south africa,T20I no. 1569,Dinesh Karthik,Not Out,30,21,2,2,142.85
7,india vs south africa,T20I no. 1569,Harshal Patel,Not Out,12,9,2,0,133.33
0,india vs south africa,T20I no. 1571,Ruturaj Gaikwad,Out,57,35,7,2,162.85
1,india vs south africa,T20I no. 1571,Ishan Kishan,Out,54,35,5,2,154.28
2,india vs south africa,T20I no. 1571,Shreyas Iyer,Out,14,11,0,2,127.27
3,india vs south africa,T20I no. 1571,Rishabh Pant�(c)�,Out,6,8,0,0,75
4,india vs south africa,T20I no. 1571,Hardik Pandya,Not Out,31,21,4,0,147.61
5,india vs south africa,T20I no. 1571,Dinesh Karthik,Out,6,8,0,0,75
6,india vs south africa,T20I no. 1571,Axar Patel,Not Out,5,2,1,0,250
0,india vs south africa,T20I no. 1572,Ruturaj Gaikwad,Out,5,7,1,0,71.42
1,india vs south africa,T20I no. 1572,Ishan Kishan,Out,27,26,3,1,103.84
2,india vs south africa,T20I no. 1572,Shreyas Iyer,Out,4,2,1,0,200
3,india vs south africa,T20I no. 1572,Rishabh Pant�(c)�,Out,17,23,2,0,73.91
4,india vs south africa,T20I no. 1572,Hardik Pandya,Out,46,31,3,3,148.38
5,india vs south africa,T20I no. 1572,Dinesh Karthik,Out,55,27,9,2,203.7
6,india vs south africa,T20I no. 1572,Axar Patel,Not Out,8,4,1,0,200
7,india vs south africa,T20I no. 1572,Harshal Patel,Not Out,1,1,0,0,100
0,india vs south africa,T20I no. 1575,Ishan Kishan,Out,15,7,0,2,214.28
1,india vs south africa,T20I no. 1575,Ruturaj Gaikwad,Out,10,12,1,0,83.33
2,india vs south africa,T20I no. 1575,Shreyas Iyer,Not Out,0,1,0,0,0
3,india vs south africa,T20I no. 1575,Rishabh Pant�(c)�,Not Out,1,1,0,0,100
0,ireland vs india,T20I no. 1580,Deepak Hooda,Not Out,47,29,6,2,162.06
1,ireland vs india,T20I no. 1580,Ishan Kishan,Out,26,11,3,2,236.36
2,ireland vs india,T20I no. 1580,Suryakumar Yadav,Out,0,1,0,0,0
3,ireland vs india,T20I no. 1580,Hardik Pandya�(c),Out,24,12,1,3,200
4,ireland vs india,T20I no. 1580,Dinesh Karthik��,Not Out,5,4,1,0,125
0,ireland vs india,T20I no. 1586,Sanju Samson,Out,77,42,9,4,183.33
1,ireland vs india,T20I no. 1586,Ishan Kishan��,Out,3,5,0,0,60
2,ireland vs india,T20I no. 1586,Deepak Hooda,Out,104,57,9,6,182.45
3,ireland vs india,T20I no. 1586,Suryakumar Yadav,Out,15,5,2,1,300
4,ireland vs india,T20I no. 1586,Hardik Pandya�(c),Not Out,13,9,2,0,144.44
5,ireland vs india,T20I no. 1586,Dinesh Karthik,Out,0,1,0,0,0
6,ireland vs india,T20I no. 1586,Axar Patel,Out,0,1,0,0,0
7,ireland vs india,T20I no. 1586,Harshal Patel,Out,0,1,0,0,0
8,ireland vs india,T20I no. 1586,Bhuvneshwar Kumar,Not Out,1,1,0,0,100
0,england vs india,T20I no. 1616,Rohit Sharma�(c),Out,24,14,5,0,171.42
1,england vs india,T20I no. 1616,Ishan Kishan,Out,8,10,0,0,80
2,england vs india,T20I no. 1616,Deepak Hooda,Out,33,17,3,2,194.11
3,england vs india,T20I no. 1616,Suryakumar Yadav,Out,39,19,4,2,205.26
4,england vs india,T20I no. 1616,Hardik Pandya,Out,51,33,6,1,154.54
5,england vs india,T20I no. 1616,Axar Patel,Out,17,12,3,0,141.66
6,england vs india,T20I no. 1616,Dinesh Karthik��,Out,11,7,2,0,157.14
7,england vs india,T20I no. 1616,Harshal Patel,Out,3,6,0,0,50
8,england vs india,T20I no. 1616,Bhuvneshwar Kumar,Not Out,1,1,0,0,100
9,england vs india,T20I no. 1616,Arshdeep Singh,Not Out,2,1,0,0,200
0,england vs india,T20I no. 1628,Rohit Sharma�(c),Out,31,20,3,2,155
1,england vs india,T20I no. 1628,Rishabh Pant��,Out,26,15,4,1,173.33
2,england vs india,T20I no. 1628,Virat Kohli,Out,1,3,0,0,33.33
3,england vs india,T20I no. 1628,Suryakumar Yadav,Out,15,11,2,0,136.36
4,england vs india,T20I no. 1628,Hardik Pandya,Out,12,15,1,0,80
5,england vs india,T20I no. 1628,Ravindra Jadeja,Not Out,46,29,5,0,158.62
6,england vs india,T20I no. 1628,Dinesh Karthik,Out,12,17,1,0,70.58
7,england vs india,T20I no. 1628,Harshal Patel,Out,13,6,1,1,216.66
8,england vs india,T20I no. 1628,Bhuvneshwar Kumar,Out,2,4,0,0,50
9,england vs india,T20I no. 1628,Jasprit Bumrah,Not Out,0,0,0,0,-
0,england vs india,T20I no. 1631,Rohit Sharma�(c),Out,11,12,2,0,91.66
1,england vs india,T20I no. 1631,Rishabh Pant��,Out,1,5,0,0,20
2,england vs india,T20I no. 1631,Virat Kohli,Out,11,6,1,1,183.33
3,england vs india,T20I no. 1631,Suryakumar Yadav,Out,117,55,14,6,212.72
4,england vs india,T20I no. 1631,Shreyas Iyer,Out,28,23,0,2,121.73
5,england vs india,T20I no. 1631,Dinesh Karthik,Out,6,7,1,0,85.71
6,england vs india,T20I no. 1631,Ravindra Jadeja,Out,7,4,0,1,175
7,england vs india,T20I no. 1631,Harshal Patel,Out,5,6,1,0,83.33
8,england vs india,T20I no. 1631,Avesh Khan,Not Out,1,1,0,0,100
9,england vs india,T20I no. 1631,Ravi Bishnoi,Out,2,2,0,0,100
0,west indies vs india,T20I no. 1702,Rohit Sharma�(c),Out,64,44,7,2,145.45
1,west indies vs india,T20I no. 1702,Suryakumar Yadav,Out,24,16,3,1,150
2,west indies vs india,T20I no. 1702,Shreyas Iyer,Out,0,4,0,0,0
3,west indies vs india,T20I no. 1702,Rishabh Pant��,Out,14,12,2,0,116.66
4,west indies vs india,T20I no. 1702,Hardik Pandya,Out,1,3,0,0,33.33
5,west indies vs india,T20I no. 1702,Ravindra Jadeja,Out,16,13,2,0,123.07
6,west indies vs india,T20I no. 1702,Dinesh Karthik,Not Out,41,19,4,2,215.78
7,west indies vs india,T20I no. 1702,Ravichandran Ashwin,Not Out,13,10,0,1,130
0,west indies vs india,T20I no. 1718,Rohit Sharma�(c),Out,0,1,0,0,0
1,west indies vs india,T20I no. 1718,Suryakumar Yadav,Out,11,6,0,1,183.33
2,west indies vs india,T20I no. 1718,Shreyas Iyer,Out,10,11,0,1,90.9
3,west indies vs india,T20I no. 1718,Rishabh Pant��,Out,24,12,1,2,200
4,west indies vs india,T20I no. 1718,Hardik Pandya,Out,31,31,1,2,100
5,west indies vs india,T20I no. 1718,Ravindra Jadeja,Out,27,30,0,1,90
6,west indies vs india,T20I no. 1718,Dinesh Karthik,Out,7,13,0,0,53.84
7,west indies vs india,T20I no. 1718,Ravichandran Ashwin,Out,10,6,2,0,166.66
8,west indies vs india,T20I no. 1718,Bhuvneshwar Kumar,Out,1,3,0,0,33.33
9,west indies vs india,T20I no. 1718,Avesh Khan,Out,8,4,0,1,200
10,west indies vs india,T20I no. 1718,Arshdeep Singh,Not Out,1,1,0,0,100
0,west indies vs india,T20I no. 1720,Rohit Sharma�(c),Out,11,5,1,1,220
1,west indies vs india,T20I no. 1720,Suryakumar Yadav,Out,76,44,8,4,172.72
2,west indies vs india,T20I no. 1720,Shreyas Iyer,Out,24,27,2,0,88.88
3,west indies vs india,T20I no. 1720,Rishabh Pant��,Not Out,33,26,3,1,126.92
4,west indies vs india,T20I no. 1720,Hardik Pandya,Out,4,6,0,0,66.66
5,west indies vs india,T20I no. 1720,Deepak Hooda,Not Out,10,7,1,0,142.85
0,india vs west indies,T20I no. 1725,Rohit Sharma�(c),Out,33,16,2,3,206.25
1,india vs west indies,T20I no. 1725,Suryakumar Yadav,Out,24,14,1,2,171.42
2,india vs west indies,T20I no. 1725,Deepak Hooda,Out,21,19,2,0,110.52
3,india vs west indies,T20I no. 1725,Rishabh Pant��,Out,44,31,6,0,141.93
4,india vs west indies,T20I no. 1725,Sanju Samson,Not Out,30,23,2,1,130.43
5,india vs west indies,T20I no. 1725,Dinesh Karthik,Out,6,9,0,0,66.66
6,india vs west indies,T20I no. 1725,Axar Patel,Not Out,20,8,1,2,250
0,india vs west indies,T20I no. 1726,Ishan Kishan,Out,11,13,1,0,84.61
1,india vs west indies,T20I no. 1726,Shreyas Iyer,Out,64,40,8,2,160
2,india vs west indies,T20I no. 1726,Deepak Hooda,Out,38,25,3,2,152
3,india vs west indies,T20I no. 1726,Sanju Samson,Out,15,11,2,0,136.36
4,india vs west indies,T20I no. 1726,Hardik Pandya�(c),Out,28,16,2,2,175
5,india vs west indies,T20I no. 1726,Dinesh Karthik��,Out,12,9,2,0,133.33
6,india vs west indies,T20I no. 1726,Axar Patel,Out,9,7,0,1,128.57
7,india vs west indies,T20I no. 1726,Kuldeep Yadav,Not Out,0,0,0,0,-
8,india vs west indies,T20I no. 1726,Avesh Khan,Not Out,1,2,0,0,50
0,india vs pakistan 2nd match,T20I no. 1750,Rohit Sharma�(c),Out,12,18,0,1,66.66
1,india vs pakistan 2nd match,T20I no. 1750,KL Rahul,Out,0,1,0,0,0
2,india vs pakistan 2nd match,T20I no. 1750,Virat Kohli,Out,35,34,3,1,102.94
3,india vs pakistan 2nd match,T20I no. 1750,Ravindra Jadeja,Out,35,29,2,2,120.68
4,india vs pakistan 2nd match,T20I no. 1750,Suryakumar Yadav,Out,18,18,1,0,100
5,india vs pakistan 2nd match,T20I no. 1750,Hardik Pandya,Not Out,33,17,4,1,194.11
6,india vs pakistan 2nd match,T20I no. 1750,Dinesh Karthik��,Not Out,1,1,0,0,100
0,hong kong vs india 4th match,T20I no. 1754,KL Rahul,Out,36,39,0,2,92.3
1,hong kong vs india 4th match,T20I no. 1754,Rohit Sharma�(c),Out,21,13,2,1,161.53
2,hong kong vs india 4th match,T20I no. 1754,Virat Kohli,Not Out,59,44,1,3,134.09
3,hong kong vs india 4th match,T20I no. 1754,Suryakumar Yadav,Not Out,68,26,6,6,261.53
0,india vs pakistan 8th match,T20I no. 1758,KL Rahul,Out,28,20,1,2,140
1,india vs pakistan 8th match,T20I no. 1758,Rohit Sharma�(c),Out,28,16,3,2,175
2,india vs pakistan 8th match,T20I no. 1758,Virat Kohli,Out,60,44,4,1,136.36
3,india vs pakistan 8th match,T20I no. 1758,Suryakumar Yadav,Out,13,10,2,0,130
4,india vs pakistan 8th match,T20I no. 1758,Rishabh Pant��,Out,14,12,2,0,116.66
5,india vs pakistan 8th match,T20I no. 1758,Hardik Pandya,Out,0,2,0,0,0
6,india vs pakistan 8th match,T20I no. 1758,Deepak Hooda,Out,16,14,2,0,114.28
7,india vs pakistan 8th match,T20I no. 1758,Bhuvneshwar Kumar,Not Out,0,0,0,0,-
8,india vs pakistan 8th match,T20I no. 1758,Ravi Bishnoi,Not Out,8,2,2,0,400
0,india vs sri lanka 9th match,T20I no. 1759,KL Rahul,Out,6,7,1,0,85.71
1,india vs sri lanka 9th match,T20I no. 1759,Rohit Sharma�(c),Out,72,41,5,4,175.6
2,india vs sri lanka 9th match,T20I no. 1759,Virat Kohli,Out,0,4,0,0,0
3,india vs sri lanka 9th match,T20I no. 1759,Suryakumar Yadav,Out,34,29,1,1,117.24
4,india vs sri lanka 9th match,T20I no. 1759,Hardik Pandya,Out,17,13,0,1,130.76
5,india vs sri lanka 9th match,T20I no. 1759,Rishabh Pant��,Out,17,13,3,0,130.76
6,india vs sri lanka 9th match,T20I no. 1759,Deepak Hooda,Out,3,4,0,0,75
7,india vs sri lanka 9th match,T20I no. 1759,Ravichandran Ashwin,Not Out,15,7,0,1,214.28
8,india vs sri lanka 9th match,T20I no. 1759,Bhuvneshwar Kumar,Out,0,2,0,0,0
9,india vs sri lanka 9th match,T20I no. 1759,Arshdeep Singh,Not Out,1,1,0,0,100
0,afghanistan vs india 11th match,"T20I
                                    no. 1761","KL
                                        Rahul�(c)",Out,62,41,6,2,151.21
1,afghanistan vs india 11th match,"T20I
                                    no. 1761","Virat
                                        Kohli",Not Out,122,61,12,6,200
2,afghanistan vs india 11th match,"T20I
                                    no. 1761","Suryakumar
                                        Yadav",Out,6,2,0,1,300
3,afghanistan vs india 11th match,"T20I
                                    no. 1761","Rishabh
                                        Pant��",Not Out,20,16,3,0,125
0,india vs australia,T20I no. 1788,KL Rahul,Out,55,35,4,3,157.14
1,india vs australia,T20I no. 1788,Rohit Sharma�(c),Out,11,9,1,1,122.22
2,india vs australia,T20I no. 1788,Virat Kohli,Out,2,7,0,0,28.57
3,india vs australia,T20I no. 1788,Suryakumar Yadav,Out,46,25,2,4,184
4,india vs australia,T20I no. 1788,Hardik Pandya,Not Out,71,30,7,5,236.66
5,india vs australia,T20I no. 1788,Axar Patel,Out,6,5,1,0,120
6,india vs australia,T20I no. 1788,Dinesh Karthik��,Out,6,5,0,0,120
7,india vs australia,T20I no. 1788,Harshal Patel,Not Out,7,4,1,0,175
0,india vs australia,T20I no. 1794,KL Rahul,Out,10,6,0,1,166.66
1,india vs australia,T20I no. 1794,Rohit Sharma�(c),Not Out,46,20,4,4,230
2,india vs australia,T20I no. 1794,Virat Kohli,Out,11,6,2,0,183.33
3,india vs australia,T20I no. 1794,Suryakumar Yadav,Out,0,1,0,0,0
4,india vs australia,T20I no. 1794,Hardik Pandya,Out,9,9,1,0,100
5,india vs australia,T20I no. 1794,Dinesh Karthik,Not Out,10,2,1,1,500
0,india vs australia,T20I no. 1796,KL Rahul,Out,1,4,0,0,25
1,india vs australia,T20I no. 1796,Rohit Sharma�(c),Out,17,14,2,1,121.42
2,india vs australia,T20I no. 1796,Virat Kohli,Out,63,48,3,4,131.25
3,india vs australia,T20I no. 1796,Suryakumar Yadav,Out,69,36,5,5,191.66
4,india vs australia,T20I no. 1796,Hardik Pandya,Not Out,25,16,2,1,156.25
5,india vs australia,T20I no. 1796,Dinesh Karthik��,Not Out,1,1,0,0,100
0,india vs south africa,T20I no. 1800,KL Rahul,Not Out,51,56,2,4,91.07
1,india vs south africa,T20I no. 1800,Rohit Sharma�(c),Out,0,2,0,0,0
2,india vs south africa,T20I no. 1800,Virat Kohli,Out,3,9,0,0,33.33
3,india vs south africa,T20I no. 1800,Suryakumar Yadav,Not Out,50,33,5,3,151.51
0,india vs south africa,T20I no. 1803,KL Rahul,Out,57,28,5,4,203.57
1,india vs south africa,T20I no. 1803,Rohit Sharma�(c),Out,43,37,7,1,116.21
2,india vs south africa,T20I no. 1803,Virat Kohli,Not Out,49,28,7,1,175
3,india vs south africa,T20I no. 1803,Suryakumar Yadav,Out,61,22,5,5,277.27
4,india vs south africa,T20I no. 1803,Dinesh Karthik,Not Out,17,7,1,2,242.85
0,india vs south africa,T20I no. 1805,Rohit Sharma�(c),Out,0,2,0,0,0
1,india vs south africa,T20I no. 1805,Rishabh Pant��,Out,27,14,3,2,192.85
2,india vs south africa,T20I no. 1805,Shreyas Iyer,Out,1,4,0,0,25
3,india vs south africa,T20I no. 1805,Dinesh Karthik,Out,46,21,4,4,219.04
4,india vs south africa,T20I no. 1805,Suryakumar Yadav,Out,8,6,0,1,133.33
5,india vs south africa,T20I no. 1805,Axar Patel,Out,9,8,1,0,112.5
6,india vs south africa,T20I no. 1805,Harshal Patel,Out,17,12,2,1,141.66
7,india vs south africa,T20I no. 1805,Ravichandran Ashwin,Out,2,4,0,0,50
8,india vs south africa,T20I no. 1805,Deepak Chahar,Out,31,17,2,3,182.35
9,india vs south africa,T20I no. 1805,Umesh Yadav,Not Out,20,17,2,0,117.64
10,india vs south africa,T20I no. 1805,Mohammed Siraj,Out,5,7,1,0,71.42
0,india vs pakistan 16th match,T20I no. 1842,KL Rahul,Out,4,8,0,0,50
1,india vs pakistan 16th match,T20I no. 1842,Rohit Sharma�(c),Out,4,7,0,0,57.14
2,india vs pakistan 16th match,T20I no. 1842,Virat Kohli,Not Out,82,53,6,4,154.71
3,india vs pakistan 16th match,T20I no. 1842,Suryakumar Yadav,Out,15,10,2,0,150
4,india vs pakistan 16th match,T20I no. 1842,Axar Patel,Out,2,3,0,0,66.66
5,india vs pakistan 16th match,T20I no. 1842,Hardik Pandya,Out,40,37,1,2,108.1
6,india vs pakistan 16th match,T20I no. 1842,Dinesh Karthik��,Out,1,2,0,0,50
7,india vs pakistan 16th match,T20I no. 1842,Ravichandran Ashwin,Not Out,1,1,0,0,100
0,india vs netherlands 23rd match,T20I no. 1848,KL Rahul,Out,9,12,1,0,75
1,india vs netherlands 23rd match,T20I no. 1848,Rohit Sharma�(c),Out,53,39,4,3,135.89
2,india vs netherlands 23rd match,T20I no. 1848,Virat Kohli,Not Out,62,44,3,2,140.9
3,india vs netherlands 23rd match,T20I no. 1848,Suryakumar Yadav,Not Out,51,25,7,1,204
0,india vs south africa 30th match,T20I no. 1853,KL Rahul,Out,9,14,0,1,64.28
1,india vs south africa 30th match,T20I no. 1853,Rohit Sharma�(c),Out,15,14,1,1,107.14
2,india vs south africa 30th match,T20I no. 1853,Virat Kohli,Out,12,11,2,0,109.09
3,india vs south africa 30th match,T20I no. 1853,Suryakumar Yadav,Out,68,40,6,3,170
4,india vs south africa 30th match,T20I no. 1853,Deepak Hooda,Out,0,3,0,0,0
5,india vs south africa 30th match,T20I no. 1853,Hardik Pandya,Out,2,3,0,0,66.66
6,india vs south africa 30th match,T20I no. 1853,Dinesh Karthik��,Out,6,15,0,0,40
7,india vs south africa 30th match,T20I no. 1853,Ravichandran Ashwin,Out,7,11,0,0,63.63
8,india vs south africa 30th match,T20I no. 1853,Bhuvneshwar Kumar,Not Out,4,6,0,0,66.66
9,india vs south africa 30th match,T20I no. 1853,Mohammed Shami,Out,0,2,0,0,0
10,india vs south africa 30th match,T20I no. 1853,Arshdeep Singh,Not Out,2,1,0,0,200
0,bangladesh vs india 35th match,T20I no. 1860,KL Rahul,Out,50,32,3,4,156.25
1,bangladesh vs india 35th match,T20I no. 1860,Rohit Sharma�(c),Out,2,8,0,0,25
2,bangladesh vs india 35th match,T20I no. 1860,Virat Kohli,Not Out,64,44,8,1,145.45
3,bangladesh vs india 35th match,T20I no. 1860,Suryakumar Yadav,Out,30,16,4,0,187.5
4,bangladesh vs india 35th match,T20I no. 1860,Hardik Pandya,Out,5,6,0,0,83.33
5,bangladesh vs india 35th match,T20I no. 1860,Dinesh Karthik��,Out,7,5,1,0,140
6,bangladesh vs india 35th match,T20I no. 1860,Axar Patel,Out,7,6,1,0,116.66
7,bangladesh vs india 35th match,T20I no. 1860,Ravichandran Ashwin,Not Out,13,6,1,1,216.66
0,india vs zimbabwe 42nd match,T20I no. 1873,KL Rahul,Out,51,35,3,3,145.71
1,india vs zimbabwe 42nd match,T20I no. 1873,Rohit Sharma�(c),Out,15,13,2,0,115.38
2,india vs zimbabwe 42nd match,T20I no. 1873,Virat Kohli,Out,26,25,2,0,104
3,india vs zimbabwe 42nd match,T20I no. 1873,Suryakumar Yadav,Not Out,61,25,6,4,244
4,india vs zimbabwe 42nd match,T20I no. 1873,Rishabh Pant��,Out,3,5,0,0,60
5,india vs zimbabwe 42nd match,T20I no. 1873,Hardik Pandya,Out,18,18,2,0,100
6,india vs zimbabwe 42nd match,T20I no. 1873,Axar Patel,Not Out,0,0,0,0,-
0,england vs india 2nd,T20I no. 1878,KL Rahul,Out,5,5,1,0,100
1,england vs india 2nd,T20I no. 1878,Rohit Sharma�(c),Out,27,28,4,0,96.42
2,england vs india 2nd,T20I no. 1878,Virat Kohli,Out,50,40,4,1,125
3,england vs india 2nd,T20I no. 1878,Suryakumar Yadav,Out,14,10,1,1,140
4,england vs india 2nd,T20I no. 1878,Hardik Pandya,Out,63,33,4,5,190.9
5,england vs india 2nd,T20I no. 1878,Rishabh Pant��,Out,6,4,1,0,150
6,england vs india 2nd,T20I no. 1878,Ravichandran Ashwin,Not Out,0,0,0,0,-
0,new zealand vs india,T20I no. 1898,Ishan Kishan,Out,36,31,5,1,116.12
1,new zealand vs india,T20I no. 1898,Rishabh Pant��,Out,6,13,1,0,46.15
2,new zealand vs india,T20I no. 1898,Suryakumar Yadav,Not Out,111,51,11,7,217.64
3,new zealand vs india,T20I no. 1898,Shreyas Iyer,Out,13,9,1,1,144.44
4,new zealand vs india,T20I no. 1898,Hardik Pandya�(c),Out,13,13,0,0,100
5,new zealand vs india,T20I no. 1898,Deepak Hooda,Out,0,1,0,0,0
6,new zealand vs india,T20I no. 1898,Washington Sundar,Out,0,1,0,0,0
7,new zealand vs india,T20I no. 1898,Bhuvneshwar Kumar,Not Out,1,1,0,0,100
0,new zealand vs india,T20I no. 1911,Ishan Kishan,Out,10,11,1,1,90.9
1,new zealand vs india,T20I no. 1911,Rishabh Pant��,Out,11,5,2,0,220
2,new zealand vs india,T20I no. 1911,Suryakumar Yadav,Out,13,10,1,1,130
3,new zealand vs india,T20I no. 1911,Shreyas Iyer,Out,0,1,0,0,0
4,new zealand vs india,T20I no. 1911,Hardik Pandya�(c),Not Out,30,18,3,1,166.66
5,new zealand vs india,T20I no. 1911,Deepak Hooda,Not Out,9,9,0,0,100
0,india vs sri lanka,T20I no. 1984,Ishan Kishan��,Out,37,29,3,2,127.58
1,india vs sri lanka,T20I no. 1984,Shubman Gill,Out,7,5,1,0,140
2,india vs sri lanka,T20I no. 1984,Suryakumar Yadav,Out,7,10,1,0,70
3,india vs sri lanka,T20I no. 1984,Sanju Samson,Out,5,6,0,0,83.33
4,india vs sri lanka,T20I no. 1984,Hardik Pandya�(c),Out,29,27,4,0,107.4
5,india vs sri lanka,T20I no. 1984,Deepak Hooda,Not Out,41,23,1,4,178.26
6,india vs sri lanka,T20I no. 1984,Axar Patel,Not Out,31,20,3,1,155
0,india vs sri lanka,T20I no. 1985,Ishan Kishan��,Out,2,5,0,0,40
1,india vs sri lanka,T20I no. 1985,Shubman Gill,Out,5,3,1,0,166.66
2,india vs sri lanka,T20I no. 1985,Rahul Tripathi,Out,5,5,1,0,100
3,india vs sri lanka,T20I no. 1985,Suryakumar Yadav,Out,51,36,3,3,141.66
4,india vs sri lanka,T20I no. 1985,Hardik Pandya�(c),Out,12,12,1,1,100
5,india vs sri lanka,T20I no. 1985,Deepak Hooda,Out,9,12,0,0,75
6,india vs sri lanka,T20I no. 1985,Axar Patel,Out,65,31,3,6,209.67
7,india vs sri lanka,T20I no. 1985,Shivam Mavi,Out,26,15,2,2,173.33
8,india vs sri lanka,T20I no. 1985,Umran Malik,Not Out,1,1,0,0,100
0,india vs sri lanka,T20I no. 1986,Ishan Kishan��,Out,1,2,0,0,50
1,india vs sri lanka,T20I no. 1986,Shubman Gill,Out,46,36,2,3,127.77
2,india vs sri lanka,T20I no. 1986,Rahul Tripathi,Out,35,16,5,2,218.75
3,india vs sri lanka,T20I no. 1986,Suryakumar Yadav,Not Out,112,51,7,9,219.6
4,india vs sri lanka,T20I no. 1986,Hardik Pandya�(c),Out,4,4,0,0,100
5,india vs sri lanka,T20I no. 1986,Deepak Hooda,Out,4,2,1,0,200
6,india vs sri lanka,T20I no. 1986,Axar Patel,Not Out,21,9,4,0,233.33
0,india vs new zealand,T20I no. 1990,Shubman Gill,Out,7,6,1,0,116.66
1,india vs new zealand,T20I no. 1990,Ishan Kishan��,Out,4,5,1,0,80
2,india vs new zealand,T20I no. 1990,Rahul Tripathi,Out,0,6,0,0,0
3,india vs new zealand,T20I no. 1990,Suryakumar Yadav,Out,47,34,6,2,138.23
4,india vs new zealand,T20I no. 1990,Hardik Pandya�(c),Out,21,20,1,1,105
5,india vs new zealand,T20I no. 1990,Washington Sundar,Out,50,28,5,3,178.57
6,india vs new zealand,T20I no. 1990,Deepak Hooda,Out,10,10,0,1,100
7,india vs new zealand,T20I no. 1990,Shivam Mavi,Out,2,3,0,0,66.66
8,india vs new zealand,T20I no. 1990,Kuldeep Yadav,Out,0,1,0,0,0
9,india vs new zealand,T20I no. 1990,Arshdeep Singh,Not Out,0,6,0,0,0
10,india vs new zealand,T20I no. 1990,Umran Malik,Not Out,4,1,1,0,400
0,india vs new zealand,T20I no. 1991,Shubman Gill,Out,11,9,2,0,122.22
1,india vs new zealand,T20I no. 1991,Ishan Kishan��,Out,19,32,2,0,59.37
2,india vs new zealand,T20I no. 1991,Rahul Tripathi,Out,13,18,1,0,72.22
3,india vs new zealand,T20I no. 1991,Suryakumar Yadav,Not Out,26,31,1,0,83.87
4,india vs new zealand,T20I no. 1991,Washington Sundar,Out,10,9,1,0,111.11
5,india vs new zealand,T20I no. 1991,Hardik Pandya�(c),Not Out,15,20,1,0,75
0,india vs new zealand,T20I no. 1992,Ishan Kishan��,Out,1,3,0,0,33.33
1,india vs new zealand,T20I no. 1992,Shubman Gill,Not Out,126,63,12,7,200
2,india vs new zealand,T20I no. 1992,Rahul Tripathi,Out,44,22,4,3,200
3,india vs new zealand,T20I no. 1992,Suryakumar Yadav,Out,24,13,1,2,184.61
4,india vs new zealand,T20I no. 1992,Hardik Pandya�(c),Out,30,17,4,1,176.47
5,india vs new zealand,T20I no. 1992,Deepak Hooda,Not Out,2,2,0,0,100
0,west indies vs india,T20I no. 2188,Ishan Kishan��,Out,6,9,1,0,66.66
1,west indies vs india,T20I no. 2188,Shubman Gill,Out,3,9,0,0,33.33
2,west indies vs india,T20I no. 2188,Suryakumar Yadav,Out,21,21,2,1,100
3,west indies vs india,T20I no. 2188,Tilak Varma,Out,39,22,2,3,177.27
4,west indies vs india,T20I no. 2188,Hardik Pandya�(c),Out,19,19,3,0,100
5,west indies vs india,T20I no. 2188,Sanju Samson,Out,12,12,0,1,100
6,west indies vs india,T20I no. 2188,Axar Patel,Out,13,11,0,1,118.18
7,west indies vs india,T20I no. 2188,Kuldeep Yadav,Out,3,9,0,0,33.33
8,west indies vs india,T20I no. 2188,Arshdeep Singh,Out,12,7,2,0,171.42
9,west indies vs india,T20I no. 2188,Yuzvendra Chahal,Not Out,1,1,0,0,100
10,west indies vs india,T20I no. 2188,Mukesh Kumar,Not Out,1,1,0,0,100
0,west indies vs india,T20I no. 2191,Ishan Kishan��,Out,27,23,2,2,117.39
1,west indies vs india,T20I no. 2191,Shubman Gill,Out,7,9,0,1,77.77
2,west indies vs india,T20I no. 2191,Suryakumar Yadav,Out,1,3,0,0,33.33
3,west indies vs india,T20I no. 2191,Tilak Varma,Out,51,41,5,1,124.39
4,west indies vs india,T20I no. 2191,Sanju Samson,Out,7,7,1,0,100
5,west indies vs india,T20I no. 2191,Hardik Pandya�(c),Out,24,18,0,2,133.33
6,west indies vs india,T20I no. 2191,Axar Patel,Out,14,12,1,0,116.66
7,west indies vs india,T20I no. 2191,Ravi Bishnoi,Not Out,8,4,0,1,200
8,west indies vs india,T20I no. 2191,Arshdeep Singh,Not Out,6,3,1,0,200
0,west indies vs india,T20I no. 2192,Yashasvi Jaiswal,Out,1,2,0,0,50
1,west indies vs india,T20I no. 2192,Shubman Gill,Out,6,11,1,0,54.54
2,west indies vs india,T20I no. 2192,Suryakumar Yadav,Out,83,44,10,4,188.63
3,west indies vs india,T20I no. 2192,Tilak Varma,Not Out,49,37,4,1,132.43
4,west indies vs india,T20I no. 2192,Hardik Pandya�(c),Not Out,20,15,1,1,133.33
0,india vs west indies,T20I no. 2193,Yashasvi Jaiswal,Not Out,84,51,11,3,164.7
1,india vs west indies,T20I no. 2193,Shubman Gill,Out,77,47,3,5,163.82
2,india vs west indies,T20I no. 2193,Tilak Varma,Not Out,7,5,1,0,140
0,india vs west indies,T20I no. 2194,Yashasvi Jaiswal,Out,5,4,1,0,125
1,india vs west indies,T20I no. 2194,Shubman Gill,Out,9,9,1,0,100
2,india vs west indies,T20I no. 2194,Suryakumar Yadav,Out,61,45,4,3,135.55
3,india vs west indies,T20I no. 2194,Tilak Varma,Out,27,18,3,2,150
4,india vs west indies,T20I no. 2194,Sanju Samson��,Out,13,9,2,0,144.44
5,india vs west indies,T20I no. 2194,Hardik Pandya�(c),Out,14,18,0,1,77.77
6,india vs west indies,T20I no. 2194,Axar Patel,Out,13,10,0,1,130
7,india vs west indies,T20I no. 2194,Arshdeep Singh,Out,8,4,0,1,200
8,india vs west indies,T20I no. 2194,Kuldeep Yadav,Out,0,1,0,0,0
9,india vs west indies,T20I no. 2194,Yuzvendra Chahal,Not Out,0,1,0,0,0
10,india vs west indies,T20I no. 2194,Mukesh Kumar,Not Out,4,1,1,0,400
0,ireland vs india,T20I no. 2200,Yashasvi Jaiswal,Out,24,23,3,1,104.34
1,ireland vs india,T20I no. 2200,Ruturaj Gaikwad,Not Out,19,16,1,1,118.75
2,ireland vs india,T20I no. 2200,Tilak Varma,Out,0,1,0,0,0
3,ireland vs india,T20I no. 2200,Sanju Samson��,Not Out,1,1,0,0,100
0,ireland vs india,T20I no. 2208,Yashasvi Jaiswal,Out,18,11,2,1,163.63
1,ireland vs india,T20I no. 2208,Ruturaj Gaikwad,Out,58,43,6,1,134.88
2,ireland vs india,T20I no. 2208,Tilak Varma,Out,1,2,0,0,50
3,ireland vs india,T20I no. 2208,Sanju Samson��,Out,40,26,5,1,153.84
4,ireland vs india,T20I no. 2208,Rinku Singh,Out,38,21,2,3,180.95
5,ireland vs india,T20I no. 2208,Shivam Dube,Not Out,22,16,0,2,137.5
6,ireland vs india,T20I no. 2208,Washington Sundar,Not Out,0,1,0,0,0
